country,iso3c,region,cod_dep_inei,cod_dep_reniec,iso_3166_2_code,date,confirmed,deaths,recovered,negative_cases,pcr_positivo,prueba_rapida_positivo,pcr_prapida_positivo,pob_2017
Peru,PER,NA,NA,NA,NA,2020-03-06,1,NA,NA,154,NA,NA,NA,NA
Peru,PER,NA,NA,NA,NA,2020-03-07,6,NA,NA,213,NA,NA,NA,NA
Peru,PER,NA,NA,NA,NA,2020-03-09,9,NA,NA,309,NA,NA,NA,NA
Peru,PER,NA,NA,NA,NA,2020-03-10,11,NA,NA,335,NA,NA,NA,NA
Peru,PER,NA,NA,NA,NA,2020-03-11,17,NA,NA,697,NA,NA,NA,NA
Peru,PER,NA,NA,NA,NA,2020-03-12,22,NA,NA,883,NA,NA,NA,NA
Peru,PER,AREQUIPA,04,04,PE-ARE,2020-03-13,2,NA,NA,NA,NA,NA,NA,1382730
Peru,PER,CUSCO,08,07,PE-CUS,2020-03-13,1,NA,NA,NA,NA,NA,NA,1205527
Peru,PER,HUANUCO,10,09,PE-HUC,2020-03-13,2,NA,NA,NA,NA,NA,NA,721047
Peru,PER,ICA,11,10,PE-ICA,2020-03-13,1,NA,NA,NA,NA,NA,NA,850765
Peru,PER,LIMA,15,14,PE-LIM,2020-03-13,32,NA,NA,NA,NA,NA,NA,9485405
Peru,PER,NA,NA,NA,NA,2020-03-13,38,NA,NA,1194,NA,NA,NA,NA
Peru,PER,AREQUIPA,04,04,PE-ARE,2020-03-14,2,NA,NA,NA,NA,NA,NA,1382730
Peru,PER,CUSCO,08,07,PE-CUS,2020-03-14,1,NA,NA,NA,NA,NA,NA,1205527
Peru,PER,HUANUCO,10,09,PE-HUC,2020-03-14,2,NA,NA,NA,NA,NA,NA,721047
Peru,PER,ICA,11,10,PE-ICA,2020-03-14,1,NA,NA,NA,NA,NA,NA,850765
Peru,PER,LIMA,15,14,PE-LIM,2020-03-14,37,NA,NA,NA,NA,NA,NA,9485405
Peru,PER,NA,NA,NA,NA,2020-03-14,43,NA,NA,1502,NA,NA,NA,NA
Peru,PER,ANCASH,02,02,PE-ANC,2020-03-15,1,NA,NA,NA,NA,NA,NA,1083519
Peru,PER,AREQUIPA,04,04,PE-ARE,2020-03-15,2,NA,NA,NA,NA,NA,NA,1382730
Peru,PER,CALLAO,07,24,PE-CAL,2020-03-15,2,NA,NA,NA,NA,NA,NA,994494
Peru,PER,CUSCO,08,07,PE-CUS,2020-03-15,1,NA,NA,NA,NA,NA,NA,1205527
Peru,PER,HUANUCO,10,09,PE-HUC,2020-03-15,2,NA,NA,NA,NA,NA,NA,721047
Peru,PER,ICA,11,10,PE-ICA,2020-03-15,1,NA,NA,NA,NA,NA,NA,850765
Peru,PER,LA LIBERTAD,13,12,PE-LAL,2020-03-15,1,NA,NA,NA,NA,NA,NA,1778080
Peru,PER,LAMBAYEQUE,14,13,PE-LAM,2020-03-15,1,NA,NA,NA,NA,NA,NA,1197260
Peru,PER,LIMA,15,14,PE-LIM,2020-03-15,58,NA,NA,NA,NA,NA,NA,9485405
Peru,PER,PIURA,20,19,PE-PIU,2020-03-15,2,NA,NA,NA,NA,NA,NA,1856809
Peru,PER,NA,NA,NA,NA,2020-03-15,71,NA,NA,1751,NA,NA,NA,NA
Peru,PER,ANCASH,02,02,PE-ANC,2020-03-16,1,NA,NA,NA,NA,NA,NA,1083519
Peru,PER,AREQUIPA,04,04,PE-ARE,2020-03-16,2,NA,NA,NA,NA,NA,NA,1382730
Peru,PER,CALLAO,07,24,PE-CAL,2020-03-16,3,NA,NA,NA,NA,NA,NA,994494
Peru,PER,CUSCO,08,07,PE-CUS,2020-03-16,1,NA,NA,NA,NA,NA,NA,1205527
Peru,PER,HUANUCO,10,09,PE-HUC,2020-03-16,2,NA,NA,NA,NA,NA,NA,721047
Peru,PER,ICA,11,10,PE-ICA,2020-03-16,1,NA,NA,NA,NA,NA,NA,850765
Peru,PER,LA LIBERTAD,13,12,PE-LAL,2020-03-16,1,NA,NA,NA,NA,NA,NA,1778080
Peru,PER,LAMBAYEQUE,14,13,PE-LAM,2020-03-16,3,NA,NA,NA,NA,NA,NA,1197260
Peru,PER,LIMA,15,14,PE-LIM,2020-03-16,70,NA,1,NA,NA,NA,NA,9485405
Peru,PER,PIURA,20,19,PE-PIU,2020-03-16,2,NA,NA,NA,NA,NA,NA,1856809
Peru,PER,NA,NA,NA,NA,2020-03-16,86,NA,1,2229,NA,NA,NA,NA
Peru,PER,ANCASH,02,02,PE-ANC,2020-03-17,1,NA,NA,NA,NA,NA,NA,1083519
Peru,PER,AREQUIPA,04,04,PE-ARE,2020-03-17,2,NA,NA,NA,NA,NA,NA,1382730
Peru,PER,CALLAO,07,24,PE-CAL,2020-03-17,4,NA,NA,NA,NA,NA,NA,994494
Peru,PER,CUSCO,08,07,PE-CUS,2020-03-17,1,NA,NA,NA,NA,NA,NA,1205527
Peru,PER,HUANUCO,10,09,PE-HUC,2020-03-17,2,NA,NA,NA,NA,NA,NA,721047
Peru,PER,ICA,11,10,PE-ICA,2020-03-17,1,NA,NA,NA,NA,NA,NA,850765
Peru,PER,LA LIBERTAD,13,12,PE-LAL,2020-03-17,1,NA,NA,NA,NA,NA,NA,1778080
Peru,PER,LAMBAYEQUE,14,13,PE-LAM,2020-03-17,6,NA,NA,NA,NA,NA,NA,1197260
Peru,PER,LIMA,15,14,PE-LIM,2020-03-17,96,NA,1,NA,NA,NA,NA,9485405
Peru,PER,LORETO,16,15,PE-LOR,2020-03-17,1,NA,NA,NA,NA,NA,NA,883510
Peru,PER,PIURA,20,19,PE-PIU,2020-03-17,2,NA,NA,NA,NA,NA,NA,1856809
Peru,PER,NA,NA,NA,NA,2020-03-17,117,NA,1,2680,NA,NA,NA,NA
Peru,PER,ANCASH,02,02,PE-ANC,2020-03-18,2,NA,NA,NA,NA,NA,NA,1083519
Peru,PER,AREQUIPA,04,04,PE-ARE,2020-03-18,2,NA,NA,NA,NA,NA,NA,1382730
Peru,PER,CALLAO,07,24,PE-CAL,2020-03-18,5,NA,NA,NA,NA,NA,NA,994494
Peru,PER,CUSCO,08,07,PE-CUS,2020-03-18,1,NA,NA,NA,NA,NA,NA,1205527
Peru,PER,HUANUCO,10,09,PE-HUC,2020-03-18,2,NA,NA,NA,NA,NA,NA,721047
Peru,PER,ICA,11,10,PE-ICA,2020-03-18,1,NA,NA,NA,NA,NA,NA,850765
Peru,PER,LA LIBERTAD,13,12,PE-LAL,2020-03-18,2,NA,NA,NA,NA,NA,NA,1778080
Peru,PER,LAMBAYEQUE,14,13,PE-LAM,2020-03-18,6,NA,NA,NA,NA,NA,NA,1197260
Peru,PER,LIMA,15,14,PE-LIM,2020-03-18,111,NA,1,NA,NA,NA,NA,9485405
Peru,PER,LORETO,16,15,PE-LOR,2020-03-18,10,NA,NA,NA,NA,NA,NA,883510
Peru,PER,MADRE DE DIOS,17,16,PE-MDD,2020-03-18,1,NA,NA,NA,NA,NA,NA,141070
Peru,PER,PIURA,20,19,PE-PIU,2020-03-18,2,NA,NA,NA,NA,NA,NA,1856809
Peru,PER,NA,NA,NA,NA,2020-03-18,145,NA,1,2930,NA,NA,NA,NA
Peru,PER,ANCASH,02,02,PE-ANC,2020-03-19,3,NA,NA,NA,NA,NA,NA,1083519
Peru,PER,AREQUIPA,04,04,PE-ARE,2020-03-19,3,NA,NA,NA,NA,NA,NA,1382730
Peru,PER,CALLAO,07,24,PE-CAL,2020-03-19,5,NA,NA,NA,NA,NA,NA,994494
Peru,PER,CUSCO,08,07,PE-CUS,2020-03-19,4,NA,NA,NA,NA,NA,NA,1205527
Peru,PER,HUANUCO,10,09,PE-HUC,2020-03-19,2,NA,NA,NA,NA,NA,NA,721047
Peru,PER,ICA,11,10,PE-ICA,2020-03-19,1,NA,NA,NA,NA,NA,NA,850765
Peru,PER,LA LIBERTAD,13,12,PE-LAL,2020-03-19,2,NA,NA,NA,NA,NA,NA,1778080
Peru,PER,LAMBAYEQUE,14,13,PE-LAM,2020-03-19,6,NA,NA,NA,NA,NA,NA,1197260
Peru,PER,LIMA,15,14,PE-LIM,2020-03-19,194,3,1,NA,NA,NA,NA,9485405
Peru,PER,LORETO,16,15,PE-LOR,2020-03-19,11,NA,NA,NA,NA,NA,NA,883510
Peru,PER,MADRE DE DIOS,17,16,PE-MDD,2020-03-19,1,NA,NA,NA,NA,NA,NA,141070
Peru,PER,PIURA,20,19,PE-PIU,2020-03-19,2,NA,NA,NA,NA,NA,NA,1856809
Peru,PER,NA,NA,NA,NA,2020-03-19,234,3,1,3607,NA,NA,NA,NA
Peru,PER,ANCASH,02,02,PE-ANC,2020-03-20,4,NA,NA,NA,NA,NA,NA,1083519
Peru,PER,AREQUIPA,04,04,PE-ARE,2020-03-20,3,NA,NA,NA,NA,NA,NA,1382730
Peru,PER,CALLAO,07,24,PE-CAL,2020-03-20,5,NA,NA,NA,NA,NA,NA,994494
Peru,PER,CUSCO,08,07,PE-CUS,2020-03-20,4,NA,NA,NA,NA,NA,NA,1205527
Peru,PER,HUANUCO,10,09,PE-HUC,2020-03-20,2,NA,NA,NA,NA,NA,NA,721047
Peru,PER,ICA,11,10,PE-ICA,2020-03-20,1,NA,NA,NA,NA,NA,NA,850765
Peru,PER,JUNIN,12,11,PE-JUN,2020-03-20,9,NA,NA,NA,NA,NA,NA,1246038
Peru,PER,LA LIBERTAD,13,12,PE-LAL,2020-03-20,2,NA,NA,NA,NA,NA,NA,1778080
Peru,PER,LAMBAYEQUE,14,13,PE-LAM,2020-03-20,6,NA,NA,NA,NA,NA,NA,1197260
Peru,PER,LIMA,15,14,PE-LIM,2020-03-20,212,4,1,NA,NA,NA,NA,9485405
Peru,PER,LORETO,16,15,PE-LOR,2020-03-20,12,NA,NA,NA,NA,NA,NA,883510
Peru,PER,MADRE DE DIOS,17,16,PE-MDD,2020-03-20,1,NA,NA,NA,NA,NA,NA,141070
Peru,PER,PIURA,20,19,PE-PIU,2020-03-20,2,NA,NA,NA,NA,NA,NA,1856809
Peru,PER,NA,NA,NA,NA,2020-03-20,263,4,1,4035,NA,NA,NA,NA
Peru,PER,ANCASH,02,02,PE-ANC,2020-03-21,4,NA,NA,NA,NA,NA,NA,1083519
Peru,PER,AREQUIPA,04,04,PE-ARE,2020-03-21,4,NA,NA,NA,NA,NA,NA,1382730
Peru,PER,CALLAO,07,24,PE-CAL,2020-03-21,6,NA,NA,NA,NA,NA,NA,994494
Peru,PER,CUSCO,08,07,PE-CUS,2020-03-21,4,NA,NA,NA,NA,NA,NA,1205527
Peru,PER,HUANUCO,10,09,PE-HUC,2020-03-21,2,NA,NA,NA,NA,NA,NA,721047
Peru,PER,ICA,11,10,PE-ICA,2020-03-21,1,NA,NA,NA,NA,NA,NA,850765
Peru,PER,JUNIN,12,11,PE-JUN,2020-03-21,10,NA,NA,NA,NA,NA,NA,1246038
Peru,PER,LA LIBERTAD,13,12,PE-LAL,2020-03-21,5,NA,NA,NA,NA,NA,NA,1778080
Peru,PER,LAMBAYEQUE,14,13,PE-LAM,2020-03-21,8,NA,NA,NA,NA,NA,NA,1197260
Peru,PER,LIMA,15,14,PE-LIM,2020-03-21,241,4,1,NA,NA,NA,NA,9485405
Peru,PER,LORETO,16,15,PE-LOR,2020-03-21,14,NA,NA,NA,NA,NA,NA,883510
Peru,PER,MADRE DE DIOS,17,16,PE-MDD,2020-03-21,1,NA,NA,NA,NA,NA,NA,141070
Peru,PER,PIURA,20,19,PE-PIU,2020-03-21,18,1,NA,NA,NA,NA,NA,1856809
Peru,PER,NA,NA,NA,NA,2020-03-21,318,5,1,5891,NA,NA,NA,NA
Peru,PER,ANCASH,02,02,PE-ANC,2020-03-22,4,NA,NA,NA,NA,NA,NA,1083519
Peru,PER,AREQUIPA,04,04,PE-ARE,2020-03-22,7,NA,NA,NA,NA,NA,NA,1382730
Peru,PER,CALLAO,07,24,PE-CAL,2020-03-22,6,NA,NA,NA,NA,NA,NA,994494
Peru,PER,CUSCO,08,07,PE-CUS,2020-03-22,4,NA,NA,NA,NA,NA,NA,1205527
Peru,PER,HUANUCO,10,09,PE-HUC,2020-03-22,2,NA,NA,NA,NA,NA,NA,721047
Peru,PER,ICA,11,10,PE-ICA,2020-03-22,1,NA,NA,NA,NA,NA,NA,850765
Peru,PER,JUNIN,12,11,PE-JUN,2020-03-22,10,NA,NA,NA,NA,NA,NA,1246038
Peru,PER,LA LIBERTAD,13,12,PE-LAL,2020-03-22,5,NA,NA,NA,NA,NA,NA,1778080
Peru,PER,LAMBAYEQUE,14,13,PE-LAM,2020-03-22,8,NA,NA,NA,NA,NA,NA,1197260
Peru,PER,LIMA,15,14,PE-LIM,2020-03-22,278,4,1,NA,NA,NA,NA,9485405
Peru,PER,LORETO,16,15,PE-LOR,2020-03-22,16,NA,NA,NA,NA,NA,NA,883510
Peru,PER,MADRE DE DIOS,17,16,PE-MDD,2020-03-22,1,NA,NA,NA,NA,NA,NA,141070
Peru,PER,PIURA,20,19,PE-PIU,2020-03-22,19,1,NA,NA,NA,NA,NA,1856809
Peru,PER,NA,NA,NA,NA,2020-03-22,361,5,1,5821,NA,NA,NA,NA
Peru,PER,ANCASH,02,02,PE-ANC,2020-03-23,4,NA,NA,NA,NA,NA,NA,1083519
Peru,PER,AREQUIPA,04,04,PE-ARE,2020-03-23,7,NA,NA,NA,NA,NA,NA,1382730
Peru,PER,CALLAO,07,24,PE-CAL,2020-03-23,8,NA,NA,NA,NA,NA,NA,994494
Peru,PER,CUSCO,08,07,PE-CUS,2020-03-23,6,NA,NA,NA,NA,NA,NA,1205527
Peru,PER,HUANUCO,10,09,PE-HUC,2020-03-23,2,NA,NA,NA,NA,NA,NA,721047
Peru,PER,ICA,11,10,PE-ICA,2020-03-23,2,NA,NA,NA,NA,NA,NA,850765
Peru,PER,JUNIN,12,11,PE-JUN,2020-03-23,10,NA,NA,NA,NA,NA,NA,1246038
Peru,PER,LA LIBERTAD,13,12,PE-LAL,2020-03-23,4,NA,NA,NA,NA,NA,NA,1778080
Peru,PER,LAMBAYEQUE,14,13,PE-LAM,2020-03-23,8,NA,NA,NA,NA,NA,NA,1197260
Peru,PER,LIMA,15,14,PE-LIM,2020-03-23,307,4,1,NA,NA,NA,NA,9485405
Peru,PER,LORETO,16,15,PE-LOR,2020-03-23,16,NA,NA,NA,NA,NA,NA,883510
Peru,PER,MADRE DE DIOS,17,16,PE-MDD,2020-03-23,1,NA,NA,NA,NA,NA,NA,141070
Peru,PER,PIURA,20,19,PE-PIU,2020-03-23,19,1,NA,NA,NA,NA,NA,1856809
Peru,PER,SAN MARTIN,22,21,PE-SAM,2020-03-23,1,NA,NA,NA,NA,NA,NA,813381
Peru,PER,NA,NA,NA,NA,2020-03-23,395,5,1,6269,NA,NA,NA,NA
Peru,PER,ANCASH,02,02,PE-ANC,2020-03-24,4,NA,NA,NA,NA,NA,NA,1083519
Peru,PER,AREQUIPA,04,04,PE-ARE,2020-03-24,9,NA,NA,NA,NA,NA,NA,1382730
Peru,PER,CALLAO,07,24,PE-CAL,2020-03-24,8,NA,NA,NA,NA,NA,NA,994494
Peru,PER,CUSCO,08,07,PE-CUS,2020-03-24,6,NA,NA,NA,NA,NA,NA,1205527
Peru,PER,HUANUCO,10,09,PE-HUC,2020-03-24,2,NA,NA,NA,NA,NA,NA,721047
Peru,PER,ICA,11,10,PE-ICA,2020-03-24,2,NA,NA,NA,NA,NA,NA,850765
Peru,PER,JUNIN,12,11,PE-JUN,2020-03-24,10,NA,NA,NA,NA,NA,NA,1246038
Peru,PER,LA LIBERTAD,13,12,PE-LAL,2020-03-24,5,1,NA,NA,NA,NA,NA,1778080
Peru,PER,LAMBAYEQUE,14,13,PE-LAM,2020-03-24,8,NA,NA,NA,NA,NA,NA,1197260
Peru,PER,LIMA,15,14,PE-LIM,2020-03-24,322,5,1,NA,NA,NA,NA,9485405
Peru,PER,LORETO,16,15,PE-LOR,2020-03-24,16,NA,NA,NA,NA,NA,NA,883510
Peru,PER,MADRE DE DIOS,17,16,PE-MDD,2020-03-24,1,NA,NA,NA,NA,NA,NA,141070
Peru,PER,PIURA,20,19,PE-PIU,2020-03-24,19,1,NA,NA,NA,NA,NA,1856809
Peru,PER,SAN MARTIN,22,21,PE-SAM,2020-03-24,1,NA,NA,NA,NA,NA,NA,813381
Peru,PER,TUMBES,24,23,PE-TUM,2020-03-24,3,NA,NA,NA,NA,NA,NA,224863
Peru,PER,NA,NA,NA,NA,2020-03-24,416,7,1,6597,NA,NA,NA,NA
Peru,PER,ANCASH,02,02,PE-ANC,2020-03-25,5,NA,NA,NA,NA,NA,NA,1083519
Peru,PER,AREQUIPA,04,04,PE-ARE,2020-03-25,10,NA,NA,NA,NA,NA,NA,1382730
Peru,PER,CAJAMARCA,06,06,PE-CAJ,2020-03-25,1,NA,NA,NA,NA,NA,NA,1341012
Peru,PER,CALLAO,07,24,PE-CAL,2020-03-25,10,NA,NA,NA,NA,NA,NA,994494
Peru,PER,CUSCO,08,07,PE-CUS,2020-03-25,10,1,NA,NA,NA,NA,NA,1205527
Peru,PER,HUANUCO,10,09,PE-HUC,2020-03-25,2,NA,NA,NA,NA,NA,NA,721047
Peru,PER,ICA,11,10,PE-ICA,2020-03-25,2,NA,NA,NA,NA,NA,NA,850765
Peru,PER,JUNIN,12,11,PE-JUN,2020-03-25,11,NA,NA,NA,NA,NA,NA,1246038
Peru,PER,LA LIBERTAD,13,12,PE-LAL,2020-03-25,6,1,NA,NA,NA,NA,NA,1778080
Peru,PER,LAMBAYEQUE,14,13,PE-LAM,2020-03-25,12,NA,NA,NA,NA,NA,NA,1197260
Peru,PER,LIMA,15,14,PE-LIM,2020-03-25,369,6,1,NA,NA,NA,NA,9485405
Peru,PER,LORETO,16,15,PE-LOR,2020-03-25,18,NA,NA,NA,NA,NA,NA,883510
Peru,PER,MADRE DE DIOS,17,16,PE-MDD,2020-03-25,1,NA,NA,NA,NA,NA,NA,141070
Peru,PER,PIURA,20,19,PE-PIU,2020-03-25,19,1,NA,NA,NA,NA,NA,1856809
Peru,PER,SAN MARTIN,22,21,PE-SAM,2020-03-25,1,NA,NA,NA,NA,NA,NA,813381
Peru,PER,TUMBES,24,23,PE-TUM,2020-03-25,3,NA,NA,NA,NA,NA,NA,224863
Peru,PER,NA,NA,NA,NA,2020-03-25,480,9,1,7560,NA,NA,NA,NA
Peru,PER,ANCASH,02,02,PE-ANC,2020-03-26,6,NA,NA,NA,NA,NA,NA,1083519
Peru,PER,AREQUIPA,04,04,PE-ARE,2020-03-26,15,NA,NA,NA,NA,NA,NA,1382730
Peru,PER,CAJAMARCA,06,06,PE-CAJ,2020-03-26,1,NA,NA,NA,NA,NA,NA,1341012
Peru,PER,CALLAO,07,24,PE-CAL,2020-03-26,15,NA,NA,NA,NA,NA,NA,994494
Peru,PER,CUSCO,08,07,PE-CUS,2020-03-26,10,1,NA,NA,NA,NA,NA,1205527
Peru,PER,HUANUCO,10,09,PE-HUC,2020-03-26,2,NA,NA,NA,NA,NA,NA,721047
Peru,PER,ICA,11,10,PE-ICA,2020-03-26,3,NA,NA,NA,NA,NA,NA,850765
Peru,PER,JUNIN,12,11,PE-JUN,2020-03-26,11,NA,NA,NA,NA,NA,NA,1246038
Peru,PER,LA LIBERTAD,13,12,PE-LAL,2020-03-26,9,1,NA,NA,NA,NA,NA,1778080
Peru,PER,LAMBAYEQUE,14,13,PE-LAM,2020-03-26,12,NA,NA,NA,NA,NA,NA,1197260
Peru,PER,LIMA,15,14,PE-LIM,2020-03-26,453,6,1,NA,NA,NA,NA,9485405
Peru,PER,LORETO,16,15,PE-LOR,2020-03-26,18,NA,NA,NA,NA,NA,NA,883510
Peru,PER,MADRE DE DIOS,17,16,PE-MDD,2020-03-26,1,NA,NA,NA,NA,NA,NA,141070
Peru,PER,PIURA,20,19,PE-PIU,2020-03-26,20,1,NA,NA,NA,NA,NA,1856809
Peru,PER,SAN MARTIN,22,21,PE-SAM,2020-03-26,1,NA,NA,NA,NA,NA,NA,813381
Peru,PER,TUMBES,24,23,PE-TUM,2020-03-26,3,NA,NA,NA,NA,NA,NA,224863
Peru,PER,NA,NA,NA,NA,2020-03-26,580,9,14,8639,NA,NA,NA,NA
Peru,PER,ANCASH,02,02,PE-ANC,2020-03-27,6,NA,NA,NA,NA,NA,NA,1083519
Peru,PER,AREQUIPA,04,04,PE-ARE,2020-03-27,15,NA,NA,NA,NA,NA,NA,1382730
Peru,PER,CAJAMARCA,06,06,PE-CAJ,2020-03-27,1,NA,NA,NA,NA,NA,NA,1341012
Peru,PER,CALLAO,07,24,PE-CAL,2020-03-27,17,NA,NA,NA,NA,NA,NA,994494
Peru,PER,CUSCO,08,07,PE-CUS,2020-03-27,10,1,NA,NA,NA,NA,NA,1205527
Peru,PER,HUANUCO,10,09,PE-HUC,2020-03-27,4,NA,NA,NA,NA,NA,NA,721047
Peru,PER,ICA,11,10,PE-ICA,2020-03-27,3,NA,NA,NA,NA,NA,NA,850765
Peru,PER,JUNIN,12,11,PE-JUN,2020-03-27,12,NA,NA,NA,NA,NA,NA,1246038
Peru,PER,LA LIBERTAD,13,12,PE-LAL,2020-03-27,9,2,NA,NA,NA,NA,NA,1778080
Peru,PER,LAMBAYEQUE,14,13,PE-LAM,2020-03-27,13,NA,NA,NA,NA,NA,NA,1197260
Peru,PER,LIMA,15,14,PE-LIM,2020-03-27,494,7,1,NA,NA,NA,NA,9485405
Peru,PER,LORETO,16,15,PE-LOR,2020-03-27,23,NA,NA,NA,NA,NA,NA,883510
Peru,PER,MADRE DE DIOS,17,16,PE-MDD,2020-03-27,1,NA,NA,NA,NA,NA,NA,141070
Peru,PER,PASCO,19,18,PE-PAS,2020-03-27,1,NA,NA,NA,NA,NA,NA,254065
Peru,PER,PIURA,20,19,PE-PIU,2020-03-27,20,1,NA,NA,NA,NA,NA,1856809
Peru,PER,SAN MARTIN,22,21,PE-SAM,2020-03-27,1,NA,NA,NA,NA,NA,NA,813381
Peru,PER,TUMBES,24,23,PE-TUM,2020-03-27,5,NA,NA,NA,NA,NA,NA,224863
Peru,PER,NA,NA,NA,NA,2020-03-27,635,11,16,9430,NA,NA,NA,NA
Peru,PER,ANCASH,02,02,PE-ANC,2020-03-28,6,NA,NA,NA,NA,NA,NA,1083519
Peru,PER,AREQUIPA,04,04,PE-ARE,2020-03-28,15,NA,NA,NA,NA,NA,NA,1382730
Peru,PER,CAJAMARCA,06,06,PE-CAJ,2020-03-28,1,NA,NA,NA,NA,NA,NA,1341012
Peru,PER,CALLAO,07,24,PE-CAL,2020-03-28,18,1,NA,NA,NA,NA,NA,994494
Peru,PER,CUSCO,08,07,PE-CUS,2020-03-28,11,2,5,NA,NA,NA,NA,1205527
Peru,PER,HUANUCO,10,09,PE-HUC,2020-03-28,4,NA,NA,NA,NA,NA,NA,721047
Peru,PER,ICA,11,10,PE-ICA,2020-03-28,4,NA,NA,NA,NA,NA,NA,850765
Peru,PER,JUNIN,12,11,PE-JUN,2020-03-28,12,NA,NA,NA,NA,NA,NA,1246038
Peru,PER,LA LIBERTAD,13,12,PE-LAL,2020-03-28,10,2,NA,NA,NA,NA,NA,1778080
Peru,PER,LAMBAYEQUE,14,13,PE-LAM,2020-03-28,15,1,NA,NA,NA,NA,NA,1197260
Peru,PER,LIMA,15,14,PE-LIM,2020-03-28,518,9,11,NA,NA,NA,NA,9485405
Peru,PER,LORETO,16,15,PE-LOR,2020-03-28,27,NA,NA,NA,NA,NA,NA,883510
Peru,PER,MADRE DE DIOS,17,16,PE-MDD,2020-03-28,1,NA,NA,NA,NA,NA,NA,141070
Peru,PER,PASCO,19,18,PE-PAS,2020-03-28,1,NA,NA,NA,NA,NA,NA,254065
Peru,PER,PIURA,20,19,PE-PIU,2020-03-28,20,1,NA,NA,NA,NA,NA,1856809
Peru,PER,SAN MARTIN,22,21,PE-SAM,2020-03-28,2,NA,NA,NA,NA,NA,NA,813381
Peru,PER,TUMBES,24,23,PE-TUM,2020-03-28,6,NA,NA,NA,NA,NA,NA,224863
Peru,PER,NA,NA,NA,NA,2020-03-28,671,16,16,10225,NA,NA,NA,NA
Peru,PER,ANCASH,02,02,PE-ANC,2020-03-29,6,1,NA,NA,NA,NA,NA,1083519
Peru,PER,AREQUIPA,04,04,PE-ARE,2020-03-29,15,NA,NA,NA,NA,NA,NA,1382730
Peru,PER,AYACUCHO,05,05,PE-AYA,2020-03-29,1,NA,NA,NA,NA,NA,NA,616176
Peru,PER,CAJAMARCA,06,06,PE-CAJ,2020-03-29,1,NA,NA,NA,NA,NA,NA,1341012
Peru,PER,CALLAO,07,24,PE-CAL,2020-03-29,29,1,NA,NA,NA,NA,NA,994494
Peru,PER,CUSCO,08,07,PE-CUS,2020-03-29,17,2,5,NA,NA,NA,NA,1205527
Peru,PER,HUANUCO,10,09,PE-HUC,2020-03-29,4,NA,NA,NA,NA,NA,NA,721047
Peru,PER,ICA,11,10,PE-ICA,2020-03-29,5,NA,NA,NA,NA,NA,NA,850765
Peru,PER,JUNIN,12,11,PE-JUN,2020-03-29,13,NA,NA,NA,NA,NA,NA,1246038
Peru,PER,LA LIBERTAD,13,12,PE-LAL,2020-03-29,13,2,NA,NA,NA,NA,NA,1778080
Peru,PER,LAMBAYEQUE,14,13,PE-LAM,2020-03-29,22,1,NA,NA,NA,NA,NA,1197260
Peru,PER,LIMA,15,14,PE-LIM,2020-03-29,639,10,11,NA,NA,NA,NA,9485405
Peru,PER,LORETO,16,15,PE-LOR,2020-03-29,52,NA,NA,NA,NA,NA,NA,883510
Peru,PER,MADRE DE DIOS,17,16,PE-MDD,2020-03-29,1,NA,NA,NA,NA,NA,NA,141070
Peru,PER,PASCO,19,18,PE-PAS,2020-03-29,1,NA,NA,NA,NA,NA,NA,254065
Peru,PER,PIURA,20,19,PE-PIU,2020-03-29,21,1,NA,NA,NA,NA,NA,1856809
Peru,PER,SAN MARTIN,22,21,PE-SAM,2020-03-29,3,NA,NA,NA,NA,NA,NA,813381
Peru,PER,TACNA,23,22,PE-TAC,2020-03-29,1,NA,NA,NA,NA,NA,NA,329332
Peru,PER,TUMBES,24,23,PE-TUM,2020-03-29,8,NA,NA,NA,NA,NA,NA,224863
Peru,PER,NA,NA,NA,NA,2020-03-29,852,18,16,11817,NA,NA,NA,NA
Peru,PER,ANCASH,02,02,PE-ANC,2020-03-30,11,1,NA,NA,NA,NA,NA,1083519
Peru,PER,AREQUIPA,04,04,PE-ARE,2020-03-30,21,NA,NA,NA,NA,NA,NA,1382730
Peru,PER,AYACUCHO,05,05,PE-AYA,2020-03-30,1,NA,NA,NA,NA,NA,NA,616176
Peru,PER,CAJAMARCA,06,06,PE-CAJ,2020-03-30,1,NA,NA,NA,NA,NA,NA,1341012
Peru,PER,CALLAO,07,24,PE-CAL,2020-03-30,24,2,NA,NA,NA,NA,NA,994494
Peru,PER,CUSCO,08,07,PE-CUS,2020-03-30,25,2,NA,NA,NA,NA,NA,1205527
Peru,PER,HUANUCO,10,09,PE-HUC,2020-03-30,4,NA,NA,NA,NA,NA,NA,721047
Peru,PER,ICA,11,10,PE-ICA,2020-03-30,5,NA,NA,NA,NA,NA,NA,850765
Peru,PER,JUNIN,12,11,PE-JUN,2020-03-30,13,NA,NA,NA,NA,NA,NA,1246038
Peru,PER,LA LIBERTAD,13,12,PE-LAL,2020-03-30,15,2,NA,NA,NA,NA,NA,1778080
Peru,PER,LAMBAYEQUE,14,13,PE-LAM,2020-03-30,22,1,NA,NA,NA,NA,NA,1197260
Peru,PER,LIMA,15,14,PE-LIM,2020-03-30,718,13,11,NA,NA,NA,NA,9485405
Peru,PER,LORETO,16,15,PE-LOR,2020-03-30,53,2,NA,NA,NA,NA,NA,883510
Peru,PER,MADRE DE DIOS,17,16,PE-MDD,2020-03-30,1,NA,NA,NA,NA,NA,NA,141070
Peru,PER,PASCO,19,18,PE-PAS,2020-03-30,1,NA,NA,NA,NA,NA,NA,254065
Peru,PER,PIURA,20,19,PE-PIU,2020-03-30,21,1,NA,NA,NA,NA,NA,1856809
Peru,PER,SAN MARTIN,22,21,PE-SAM,2020-03-30,5,NA,NA,NA,NA,NA,NA,813381
Peru,PER,TACNA,23,22,PE-TAC,2020-03-30,1,NA,NA,NA,NA,NA,NA,329332
Peru,PER,TUMBES,24,23,PE-TUM,2020-03-30,8,NA,NA,NA,NA,NA,NA,224863
Peru,PER,NA,NA,NA,NA,2020-03-30,950,24,269,12502,NA,NA,NA,NA
Peru,PER,ANCASH,02,02,PE-ANC,2020-03-31,11,1,NA,NA,NA,NA,NA,1083519
Peru,PER,AREQUIPA,04,04,PE-ARE,2020-03-31,26,NA,NA,NA,NA,NA,NA,1382730
Peru,PER,AYACUCHO,05,05,PE-AYA,2020-03-31,1,NA,NA,NA,NA,NA,NA,616176
Peru,PER,CAJAMARCA,06,06,PE-CAJ,2020-03-31,1,NA,NA,NA,NA,NA,NA,1341012
Peru,PER,CALLAO,07,24,PE-CAL,2020-03-31,25,3,NA,NA,NA,NA,NA,994494
Peru,PER,CUSCO,08,07,PE-CUS,2020-03-31,26,2,NA,NA,NA,NA,NA,1205527
Peru,PER,HUANUCO,10,09,PE-HUC,2020-03-31,6,NA,NA,NA,NA,NA,NA,721047
Peru,PER,ICA,11,10,PE-ICA,2020-03-31,5,NA,NA,NA,NA,NA,NA,850765
Peru,PER,JUNIN,12,11,PE-JUN,2020-03-31,17,NA,NA,NA,NA,NA,NA,1246038
Peru,PER,LA LIBERTAD,13,12,PE-LAL,2020-03-31,19,2,NA,NA,NA,NA,NA,1778080
Peru,PER,LAMBAYEQUE,14,13,PE-LAM,2020-03-31,30,1,NA,NA,NA,NA,NA,1197260
Peru,PER,LIMA,15,14,PE-LIM,2020-03-31,799,16,11,NA,NA,NA,NA,9485405
Peru,PER,LORETO,16,15,PE-LOR,2020-03-31,58,2,NA,NA,NA,NA,NA,883510
Peru,PER,MADRE DE DIOS,17,16,PE-MDD,2020-03-31,1,NA,NA,NA,NA,NA,NA,141070
Peru,PER,PASCO,19,18,PE-PAS,2020-03-31,1,NA,NA,NA,NA,NA,NA,254065
Peru,PER,PIURA,20,19,PE-PIU,2020-03-31,21,1,NA,NA,NA,NA,NA,1856809
Peru,PER,SAN MARTIN,22,21,PE-SAM,2020-03-31,6,1,NA,NA,NA,NA,NA,813381
Peru,PER,TACNA,23,22,PE-TAC,2020-03-31,2,NA,NA,NA,NA,NA,NA,329332
Peru,PER,TUMBES,24,23,PE-TUM,2020-03-31,10,1,NA,NA,NA,NA,NA,224863
Peru,PER,NA,NA,NA,NA,2020-03-31,1065,30,394,13398,NA,NA,NA,NA
Peru,PER,ANCASH,02,02,PE-ANC,2020-04-01,15,1,NA,NA,NA,NA,NA,1083519
Peru,PER,AREQUIPA,04,04,PE-ARE,2020-04-01,30,1,NA,NA,NA,NA,NA,1382730
Peru,PER,AYACUCHO,05,05,PE-AYA,2020-04-01,1,NA,NA,NA,NA,NA,NA,616176
Peru,PER,CAJAMARCA,06,06,PE-CAJ,2020-04-01,2,NA,NA,NA,NA,NA,NA,1341012
Peru,PER,CALLAO,07,24,PE-CAL,2020-04-01,37,4,NA,NA,NA,NA,NA,994494
Peru,PER,CUSCO,08,07,PE-CUS,2020-04-01,34,2,NA,NA,NA,NA,NA,1205527
Peru,PER,HUANCAVELICA,09,08,PE-HUV,2020-04-01,1,NA,NA,NA,NA,NA,NA,347639
Peru,PER,HUANUCO,10,09,PE-HUC,2020-04-01,6,NA,NA,NA,NA,NA,NA,721047
Peru,PER,ICA,11,10,PE-ICA,2020-04-01,8,NA,NA,NA,NA,NA,NA,850765
Peru,PER,JUNIN,12,11,PE-JUN,2020-04-01,17,NA,NA,NA,NA,NA,NA,1246038
Peru,PER,LA LIBERTAD,13,12,PE-LAL,2020-04-01,32,3,NA,NA,NA,NA,NA,1778080
Peru,PER,LAMBAYEQUE,14,13,PE-LAM,2020-04-01,34,3,NA,NA,NA,NA,NA,1197260
Peru,PER,LIMA,15,14,PE-LIM,2020-04-01,990,28,11,NA,NA,NA,NA,9485405
Peru,PER,LORETO,16,15,PE-LOR,2020-04-01,66,2,NA,NA,NA,NA,NA,883510
Peru,PER,MADRE DE DIOS,17,16,PE-MDD,2020-04-01,1,NA,NA,NA,NA,NA,NA,141070
Peru,PER,PASCO,19,18,PE-PAS,2020-04-01,1,NA,NA,NA,NA,NA,NA,254065
Peru,PER,PIURA,20,19,PE-PIU,2020-04-01,26,1,NA,NA,NA,NA,NA,1856809
Peru,PER,SAN MARTIN,22,21,PE-SAM,2020-04-01,6,1,NA,NA,NA,NA,NA,813381
Peru,PER,TACNA,23,22,PE-TAC,2020-04-01,3,NA,NA,NA,NA,NA,NA,329332
Peru,PER,TUMBES,24,23,PE-TUM,2020-04-01,13,1,NA,NA,NA,NA,NA,224863
Peru,PER,NA,NA,NA,NA,2020-04-01,1323,47,447,14264,NA,NA,NA,NA
Peru,PER,ANCASH,02,02,PE-ANC,2020-04-02,15,1,NA,NA,NA,NA,NA,1083519
Peru,PER,AREQUIPA,04,04,PE-ARE,2020-04-02,30,1,NA,NA,NA,NA,NA,1382730
Peru,PER,AYACUCHO,05,05,PE-AYA,2020-04-02,1,NA,NA,NA,NA,NA,NA,616176
Peru,PER,CAJAMARCA,06,06,PE-CAJ,2020-04-02,3,NA,NA,NA,NA,NA,NA,1341012
Peru,PER,CALLAO,07,24,PE-CAL,2020-04-02,40,4,NA,NA,NA,NA,NA,994494
Peru,PER,CUSCO,08,07,PE-CUS,2020-04-02,38,2,NA,NA,NA,NA,NA,1205527
Peru,PER,HUANCAVELICA,09,08,PE-HUV,2020-04-02,1,NA,NA,NA,NA,NA,NA,347639
Peru,PER,HUANUCO,10,09,PE-HUC,2020-04-02,6,NA,NA,NA,NA,NA,NA,721047
Peru,PER,ICA,11,10,PE-ICA,2020-04-02,8,NA,NA,NA,NA,NA,NA,850765
Peru,PER,JUNIN,12,11,PE-JUN,2020-04-02,17,1,NA,NA,NA,NA,NA,1246038
Peru,PER,LA LIBERTAD,13,12,PE-LAL,2020-04-02,34,3,NA,NA,NA,NA,NA,1778080
Peru,PER,LAMBAYEQUE,14,13,PE-LAM,2020-04-02,37,3,NA,NA,NA,NA,NA,1197260
Peru,PER,LIMA,15,14,PE-LIM,2020-04-02,1059,34,11,NA,NA,NA,NA,9485405
Peru,PER,LORETO,16,15,PE-LOR,2020-04-02,72,2,NA,NA,NA,NA,NA,883510
Peru,PER,MADRE DE DIOS,17,16,PE-MDD,2020-04-02,1,NA,NA,NA,NA,NA,NA,141070
Peru,PER,PASCO,19,18,PE-PAS,2020-04-02,1,NA,NA,NA,NA,NA,NA,254065
Peru,PER,PIURA,20,19,PE-PIU,2020-04-02,27,1,NA,NA,NA,NA,NA,1856809
Peru,PER,SAN MARTIN,22,21,PE-SAM,2020-04-02,6,1,NA,NA,NA,NA,NA,813381
Peru,PER,TACNA,23,22,PE-TAC,2020-04-02,3,NA,NA,NA,NA,NA,NA,329332
Peru,PER,TUMBES,24,23,PE-TUM,2020-04-02,15,2,NA,NA,NA,NA,NA,224863
Peru,PER,NA,NA,NA,NA,2020-04-02,1414,55,537,15104,NA,NA,NA,NA
Peru,PER,ANCASH,02,02,PE-ANC,2020-04-03,18,1,NA,NA,NA,NA,NA,1083519
Peru,PER,APURIMAC,03,03,PE-APU,2020-04-03,1,NA,NA,NA,NA,NA,NA,405759
Peru,PER,AREQUIPA,04,04,PE-ARE,2020-04-03,37,1,NA,NA,NA,NA,NA,1382730
Peru,PER,AYACUCHO,05,05,PE-AYA,2020-04-03,1,NA,NA,NA,NA,NA,NA,616176
Peru,PER,CAJAMARCA,06,06,PE-CAJ,2020-04-03,4,NA,NA,NA,NA,NA,NA,1341012
Peru,PER,CALLAO,07,24,PE-CAL,2020-04-03,59,4,NA,NA,NA,NA,NA,994494
Peru,PER,CUSCO,08,07,PE-CUS,2020-04-03,44,3,NA,NA,NA,NA,NA,1205527
Peru,PER,HUANCAVELICA,09,08,PE-HUV,2020-04-03,1,NA,NA,NA,NA,NA,NA,347639
Peru,PER,HUANUCO,10,09,PE-HUC,2020-04-03,6,NA,NA,NA,NA,NA,NA,721047
Peru,PER,ICA,11,10,PE-ICA,2020-04-03,8,NA,NA,NA,NA,NA,NA,850765
Peru,PER,JUNIN,12,11,PE-JUN,2020-04-03,19,1,NA,NA,NA,NA,NA,1246038
Peru,PER,LA LIBERTAD,13,12,PE-LAL,2020-04-03,44,4,NA,NA,NA,NA,NA,1778080
Peru,PER,LAMBAYEQUE,14,13,PE-LAM,2020-04-03,35,2,NA,NA,NA,NA,NA,1197260
Peru,PER,LIMA,15,14,PE-LIM,2020-04-03,1179,39,11,NA,NA,NA,NA,9485405
Peru,PER,LORETO,16,15,PE-LOR,2020-04-03,84,2,NA,NA,NA,NA,NA,883510
Peru,PER,MADRE DE DIOS,17,16,PE-MDD,2020-04-03,2,NA,NA,NA,NA,NA,NA,141070
Peru,PER,PASCO,19,18,PE-PAS,2020-04-03,1,NA,NA,NA,NA,NA,NA,254065
Peru,PER,PIURA,20,19,PE-PIU,2020-04-03,27,1,NA,NA,NA,NA,NA,1856809
Peru,PER,SAN MARTIN,22,21,PE-SAM,2020-04-03,6,1,NA,NA,NA,NA,NA,813381
Peru,PER,TACNA,23,22,PE-TAC,2020-04-03,3,NA,NA,NA,NA,NA,NA,329332
Peru,PER,TUMBES,24,23,PE-TUM,2020-04-03,16,2,NA,NA,NA,NA,NA,224863
Peru,PER,NA,NA,NA,NA,2020-04-03,1595,61,627,15739,NA,NA,NA,NA
Peru,PER,ANCASH,02,02,PE-ANC,2020-04-04,18,1,NA,NA,NA,NA,NA,1083519
Peru,PER,APURIMAC,03,03,PE-APU,2020-04-04,1,NA,NA,NA,NA,NA,NA,405759
Peru,PER,AREQUIPA,04,04,PE-ARE,2020-04-04,37,2,NA,NA,NA,NA,NA,1382730
Peru,PER,AYACUCHO,05,05,PE-AYA,2020-04-04,1,NA,NA,NA,NA,NA,NA,616176
Peru,PER,CAJAMARCA,06,06,PE-CAJ,2020-04-04,6,NA,NA,NA,NA,NA,NA,1341012
Peru,PER,CALLAO,07,24,PE-CAL,2020-04-04,64,5,NA,NA,NA,NA,NA,994494
Peru,PER,CUSCO,08,07,PE-CUS,2020-04-04,48,3,NA,NA,NA,NA,NA,1205527
Peru,PER,HUANCAVELICA,09,08,PE-HUV,2020-04-04,1,NA,NA,NA,NA,NA,NA,347639
Peru,PER,HUANUCO,10,09,PE-HUC,2020-04-04,6,NA,NA,NA,NA,NA,NA,721047
Peru,PER,ICA,11,10,PE-ICA,2020-04-04,9,1,NA,NA,NA,NA,NA,850765
Peru,PER,JUNIN,12,11,PE-JUN,2020-04-04,25,1,NA,NA,NA,NA,NA,1246038
Peru,PER,LA LIBERTAD,13,12,PE-LAL,2020-04-04,50,4,NA,NA,NA,NA,NA,1778080
Peru,PER,LAMBAYEQUE,14,13,PE-LAM,2020-04-04,55,3,NA,NA,NA,NA,NA,1197260
Peru,PER,LIMA,15,14,PE-LIM,2020-04-04,1257,46,11,NA,NA,NA,NA,9485405
Peru,PER,LORETO,16,15,PE-LOR,2020-04-04,106,2,NA,NA,NA,NA,NA,883510
Peru,PER,MADRE DE DIOS,17,16,PE-MDD,2020-04-04,2,NA,NA,NA,NA,NA,NA,141070
Peru,PER,PASCO,19,18,PE-PAS,2020-04-04,2,NA,NA,NA,NA,NA,NA,254065
Peru,PER,PIURA,20,19,PE-PIU,2020-04-04,27,1,NA,NA,NA,NA,NA,1856809
Peru,PER,SAN MARTIN,22,21,PE-SAM,2020-04-04,8,1,NA,NA,NA,NA,NA,813381
Peru,PER,TACNA,23,22,PE-TAC,2020-04-04,3,NA,NA,NA,NA,NA,NA,329332
Peru,PER,TUMBES,24,23,PE-TUM,2020-04-04,20,3,NA,NA,NA,NA,NA,224863
Peru,PER,NA,NA,NA,NA,2020-04-04,1746,73,914,16095,NA,NA,NA,NA
Peru,PER,ANCASH,02,02,PE-ANC,2020-04-05,23,1,NA,NA,NA,NA,NA,1083519
Peru,PER,APURIMAC,03,03,PE-APU,2020-04-05,1,NA,NA,NA,NA,NA,NA,405759
Peru,PER,AREQUIPA,04,04,PE-ARE,2020-04-05,51,3,NA,NA,NA,NA,NA,1382730
Peru,PER,AYACUCHO,05,05,PE-AYA,2020-04-05,3,NA,NA,NA,NA,NA,NA,616176
Peru,PER,CAJAMARCA,06,06,PE-CAJ,2020-04-05,6,NA,NA,NA,NA,NA,NA,1341012
Peru,PER,CALLAO,07,24,PE-CAL,2020-04-05,89,8,NA,NA,NA,NA,NA,994494
Peru,PER,CUSCO,08,07,PE-CUS,2020-04-05,52,3,NA,NA,NA,NA,NA,1205527
Peru,PER,HUANCAVELICA,09,08,PE-HUV,2020-04-05,1,1,NA,NA,NA,NA,NA,347639
Peru,PER,HUANUCO,10,09,PE-HUC,2020-04-05,6,NA,NA,NA,NA,NA,NA,721047
Peru,PER,ICA,11,10,PE-ICA,2020-04-05,14,1,NA,NA,NA,NA,NA,850765
Peru,PER,JUNIN,12,11,PE-JUN,2020-04-05,25,1,NA,NA,NA,NA,NA,1246038
Peru,PER,LA LIBERTAD,13,12,PE-LAL,2020-04-05,50,4,NA,NA,NA,NA,NA,1778080
Peru,PER,LAMBAYEQUE,14,13,PE-LAM,2020-04-05,100,3,NA,NA,NA,NA,NA,1197260
Peru,PER,LIMA,15,14,PE-LIM,2020-04-05,1639,51,11,NA,NA,NA,NA,9485405
Peru,PER,LORETO,16,15,PE-LOR,2020-04-05,143,2,NA,NA,NA,NA,NA,883510
Peru,PER,MADRE DE DIOS,17,16,PE-MDD,2020-04-05,2,NA,NA,NA,NA,NA,NA,141070
Peru,PER,MOQUEGUA,18,17,PE-MOQ,2020-04-05,1,NA,NA,NA,NA,NA,NA,174863
Peru,PER,PASCO,19,18,PE-PAS,2020-04-05,3,NA,NA,NA,NA,NA,NA,254065
Peru,PER,PIURA,20,19,PE-PIU,2020-04-05,29,1,NA,NA,NA,NA,NA,1856809
Peru,PER,SAN MARTIN,22,21,PE-SAM,2020-04-05,8,1,NA,NA,NA,NA,NA,813381
Peru,PER,TACNA,23,22,PE-TAC,2020-04-05,9,NA,NA,NA,NA,NA,NA,329332
Peru,PER,TUMBES,24,23,PE-TUM,2020-04-05,26,3,NA,NA,NA,NA,NA,224863
Peru,PER,NA,NA,NA,NA,2020-04-05,2281,83,989,17129,NA,NA,NA,NA
Peru,PER,ANCASH,02,02,PE-ANC,2020-04-06,27,1,NA,NA,NA,NA,NA,1083519
Peru,PER,APURIMAC,03,03,PE-APU,2020-04-06,1,NA,NA,NA,NA,NA,NA,405759
Peru,PER,AREQUIPA,04,04,PE-ARE,2020-04-06,60,4,NA,NA,NA,NA,NA,1382730
Peru,PER,AYACUCHO,05,05,PE-AYA,2020-04-06,5,NA,NA,NA,NA,NA,NA,616176
Peru,PER,CAJAMARCA,06,06,PE-CAJ,2020-04-06,6,NA,NA,NA,NA,NA,NA,1341012
Peru,PER,CALLAO,07,24,PE-CAL,2020-04-06,109,8,NA,NA,NA,NA,NA,994494
Peru,PER,CUSCO,08,07,PE-CUS,2020-04-06,54,3,NA,NA,NA,NA,NA,1205527
Peru,PER,HUANCAVELICA,09,08,PE-HUV,2020-04-06,2,1,NA,NA,NA,NA,NA,347639
Peru,PER,HUANUCO,10,09,PE-HUC,2020-04-06,6,NA,NA,NA,NA,NA,NA,721047
Peru,PER,ICA,11,10,PE-ICA,2020-04-06,18,1,NA,NA,NA,NA,NA,850765
Peru,PER,JUNIN,12,11,PE-JUN,2020-04-06,28,1,NA,NA,NA,NA,NA,1246038
Peru,PER,LA LIBERTAD,13,12,PE-LAL,2020-04-06,56,5,NA,NA,NA,NA,NA,1778080
Peru,PER,LAMBAYEQUE,14,13,PE-LAM,2020-04-06,100,3,NA,NA,NA,NA,NA,1197260
Peru,PER,LIMA,15,14,PE-LIM,2020-04-06,1837,58,11,NA,NA,NA,NA,9485405
Peru,PER,LORETO,16,15,PE-LOR,2020-04-06,171,2,NA,NA,NA,NA,NA,883510
Peru,PER,MADRE DE DIOS,17,16,PE-MDD,2020-04-06,2,NA,NA,NA,NA,NA,NA,141070
Peru,PER,MOQUEGUA,18,17,PE-MOQ,2020-04-06,1,NA,NA,NA,NA,NA,NA,174863
Peru,PER,PASCO,19,18,PE-PAS,2020-04-06,5,NA,NA,NA,NA,NA,NA,254065
Peru,PER,PIURA,20,19,PE-PIU,2020-04-06,30,1,NA,NA,NA,NA,NA,1856809
Peru,PER,SAN MARTIN,22,21,PE-SAM,2020-04-06,8,1,NA,NA,NA,NA,NA,813381
Peru,PER,TACNA,23,22,PE-TAC,2020-04-06,9,NA,NA,NA,NA,NA,NA,329332
Peru,PER,TUMBES,24,23,PE-TUM,2020-04-06,26,3,NA,NA,NA,NA,NA,224863
Peru,PER,NA,NA,NA,NA,2020-04-06,2561,92,997,17853,NA,NA,NA,NA
Peru,PER,ANCASH,02,02,PE-ANC,2020-04-07,36,1,NA,NA,NA,NA,NA,1083519
Peru,PER,APURIMAC,03,03,PE-APU,2020-04-07,1,NA,NA,NA,NA,NA,NA,405759
Peru,PER,AREQUIPA,04,04,PE-ARE,2020-04-07,66,4,NA,NA,NA,NA,NA,1382730
Peru,PER,AYACUCHO,05,05,PE-AYA,2020-04-07,5,NA,NA,NA,NA,NA,NA,616176
Peru,PER,CAJAMARCA,06,06,PE-CAJ,2020-04-07,6,NA,NA,NA,NA,NA,NA,1341012
Peru,PER,CALLAO,07,24,PE-CAL,2020-04-07,161,10,NA,NA,NA,NA,NA,994494
Peru,PER,CUSCO,08,07,PE-CUS,2020-04-07,54,3,NA,NA,NA,NA,NA,1205527
Peru,PER,HUANCAVELICA,09,08,PE-HUV,2020-04-07,7,1,NA,NA,NA,NA,NA,347639
Peru,PER,HUANUCO,10,09,PE-HUC,2020-04-07,6,NA,NA,NA,NA,NA,NA,721047
Peru,PER,ICA,11,10,PE-ICA,2020-04-07,24,2,NA,NA,NA,NA,NA,850765
Peru,PER,JUNIN,12,11,PE-JUN,2020-04-07,28,1,NA,NA,NA,NA,NA,1246038
Peru,PER,LA LIBERTAD,13,12,PE-LAL,2020-04-07,58,5,NA,NA,NA,NA,NA,1778080
Peru,PER,LAMBAYEQUE,14,13,PE-LAM,2020-04-07,108,4,NA,NA,NA,NA,NA,1197260
Peru,PER,LIMA,15,14,PE-LIM,2020-04-07,2100,65,11,NA,NA,NA,NA,9485405
Peru,PER,LORETO,16,15,PE-LOR,2020-04-07,206,3,NA,NA,NA,NA,NA,883510
Peru,PER,MADRE DE DIOS,17,16,PE-MDD,2020-04-07,2,NA,NA,NA,NA,NA,NA,141070
Peru,PER,MOQUEGUA,18,17,PE-MOQ,2020-04-07,1,NA,NA,NA,NA,NA,NA,174863
Peru,PER,PASCO,19,18,PE-PAS,2020-04-07,5,NA,NA,NA,NA,NA,NA,254065
Peru,PER,PIURA,20,19,PE-PIU,2020-04-07,35,3,NA,NA,NA,NA,NA,1856809
Peru,PER,PUNO,21,20,PE-PUN,2020-04-07,1,NA,NA,NA,NA,NA,NA,1172697
Peru,PER,SAN MARTIN,22,21,PE-SAM,2020-04-07,8,1,NA,NA,NA,NA,NA,813381
Peru,PER,TACNA,23,22,PE-TAC,2020-04-07,9,NA,NA,NA,NA,NA,NA,329332
Peru,PER,TUMBES,24,23,PE-TUM,2020-04-07,27,4,NA,NA,NA,NA,NA,224863
Peru,PER,NA,NA,NA,NA,2020-04-07,2954,107,1231,18601,NA,NA,NA,NA
Peru,PER,AMAZONAS,01,01,PE-AMA,2020-04-08,11,NA,NA,NA,2,9,NA,379384
Peru,PER,ANCASH,02,02,PE-ANC,2020-04-08,50,4,NA,NA,67,7,NA,1083519
Peru,PER,APURIMAC,03,03,PE-APU,2020-04-08,1,NA,NA,NA,1,NA,NA,405759
Peru,PER,AREQUIPA,04,04,PE-ARE,2020-04-08,74,5,NA,NA,72,10,NA,1382730
Peru,PER,AYACUCHO,05,05,PE-AYA,2020-04-08,5,NA,NA,NA,5,NA,NA,616176
Peru,PER,CAJAMARCA,06,06,PE-CAJ,2020-04-08,10,NA,NA,NA,8,2,NA,1341012
Peru,PER,CALLAO,07,24,PE-CAL,2020-04-08,320,2,NA,NA,28,NA,NA,994494
Peru,PER,CUSCO,08,07,PE-CUS,2020-04-08,54,3,NA,NA,54,NA,NA,1205527
Peru,PER,HUANCAVELICA,09,08,PE-HUV,2020-04-08,7,1,NA,NA,7,NA,NA,347639
Peru,PER,HUANUCO,10,09,PE-HUC,2020-04-08,7,NA,NA,NA,7,NA,NA,721047
Peru,PER,ICA,11,10,PE-ICA,2020-04-08,28,3,NA,NA,40,1,NA,850765
Peru,PER,JUNIN,12,11,PE-JUN,2020-04-08,42,3,NA,NA,48,2,NA,1246038
Peru,PER,LA LIBERTAD,13,12,PE-LAL,2020-04-08,82,5,NA,NA,243,3,NA,1778080
Peru,PER,LAMBAYEQUE,14,13,PE-LAM,2020-04-08,246,4,NA,NA,289,1,NA,1197260
Peru,PER,LIMA,15,14,PE-LIM,2020-04-08,3016,72,11,NA,2481,535,NA,9485405
Peru,PER,LORETO,16,15,PE-LOR,2020-04-08,290,13,NA,NA,165,155,NA,883510
Peru,PER,MADRE DE DIOS,17,16,PE-MDD,2020-04-08,2,NA,NA,NA,2,NA,NA,141070
Peru,PER,MOQUEGUA,18,17,PE-MOQ,2020-04-08,3,NA,NA,NA,1,2,NA,174863
Peru,PER,PASCO,19,18,PE-PAS,2020-04-08,5,NA,NA,NA,5,NA,NA,254065
Peru,PER,PIURA,20,19,PE-PIU,2020-04-08,41,1,NA,NA,41,1,NA,1856809
Peru,PER,PUNO,21,20,PE-PUN,2020-04-08,1,NA,NA,NA,1,NA,NA,1172697
Peru,PER,SAN MARTIN,22,21,PE-SAM,2020-04-08,11,1,NA,NA,11,NA,NA,813381
Peru,PER,TACNA,23,22,PE-TAC,2020-04-08,9,NA,NA,NA,9,NA,NA,329332
Peru,PER,TUMBES,24,23,PE-TUM,2020-04-08,27,4,NA,NA,27,NA,NA,224863
Peru,PER,NA,NA,NA,NA,2020-04-08,4342,121,1333,35257,3614,728,NA,NA
Peru,PER,AMAZONAS,01,01,PE-AMA,2020-04-09,10,NA,NA,NA,2,8,NA,379384
Peru,PER,ANCASH,02,02,PE-ANC,2020-04-09,57,4,NA,NA,54,3,NA,1083519
Peru,PER,APURIMAC,03,03,PE-APU,2020-04-09,1,NA,NA,NA,1,NA,NA,405759
Peru,PER,AREQUIPA,04,04,PE-ARE,2020-04-09,77,4,NA,NA,69,8,NA,1382730
Peru,PER,AYACUCHO,05,05,PE-AYA,2020-04-09,7,NA,NA,NA,7,NA,NA,616176
Peru,PER,CAJAMARCA,06,06,PE-CAJ,2020-04-09,11,NA,NA,NA,8,3,NA,1341012
Peru,PER,CALLAO,07,24,PE-CAL,2020-04-09,413,16,NA,NA,212,201,NA,994494
Peru,PER,CUSCO,08,07,PE-CUS,2020-04-09,55,3,NA,NA,55,NA,NA,1205527
Peru,PER,HUANCAVELICA,09,08,PE-HUV,2020-04-09,7,1,NA,NA,7,NA,NA,347639
Peru,PER,HUANUCO,10,09,PE-HUC,2020-04-09,9,NA,NA,NA,7,2,NA,721047
Peru,PER,ICA,11,10,PE-ICA,2020-04-09,34,2,NA,NA,34,NA,NA,850765
Peru,PER,JUNIN,12,11,PE-JUN,2020-04-09,42,1,NA,NA,41,1,NA,1246038
Peru,PER,LA LIBERTAD,13,12,PE-LAL,2020-04-09,96,6,NA,NA,83,13,NA,1778080
Peru,PER,LAMBAYEQUE,14,13,PE-LAM,2020-04-09,302,6,NA,NA,294,8,NA,1197260
Peru,PER,LIMA,15,14,PE-LIM,2020-04-09,3704,82,11,NA,2822,882,NA,9485405
Peru,PER,LORETO,16,15,PE-LOR,2020-04-09,315,5,NA,NA,314,1,NA,883510
Peru,PER,MADRE DE DIOS,17,16,PE-MDD,2020-04-09,3,NA,NA,NA,3,NA,NA,141070
Peru,PER,MOQUEGUA,18,17,PE-MOQ,2020-04-09,3,NA,NA,NA,1,2,NA,174863
Peru,PER,PASCO,19,18,PE-PAS,2020-04-09,5,NA,NA,NA,5,NA,NA,254065
Peru,PER,PIURA,20,19,PE-PIU,2020-04-09,53,3,NA,NA,50,3,NA,1856809
Peru,PER,PUNO,21,20,PE-PUN,2020-04-09,1,NA,NA,NA,1,NA,NA,1172697
Peru,PER,SAN MARTIN,22,21,PE-SAM,2020-04-09,15,1,NA,NA,15,NA,NA,813381
Peru,PER,TACNA,23,22,PE-TAC,2020-04-09,9,NA,NA,NA,9,NA,NA,329332
Peru,PER,TUMBES,24,23,PE-TUM,2020-04-09,27,4,NA,NA,27,NA,NA,224863
Peru,PER,NA,NA,NA,NA,2020-04-09,5256,138,1438,43209,4121,1135,NA,NA
Peru,PER,AMAZONAS,01,01,PE-AMA,2020-04-10,16,NA,NA,NA,7,9,NA,379384
Peru,PER,ANCASH,02,02,PE-ANC,2020-04-10,67,4,NA,NA,61,6,NA,1083519
Peru,PER,APURIMAC,03,03,PE-APU,2020-04-10,3,NA,NA,NA,2,1,NA,405759
Peru,PER,AREQUIPA,04,04,PE-ARE,2020-04-10,83,4,NA,NA,75,8,NA,1382730
Peru,PER,AYACUCHO,05,05,PE-AYA,2020-04-10,9,NA,NA,NA,9,NA,NA,616176
Peru,PER,CAJAMARCA,06,06,PE-CAJ,2020-04-10,11,NA,NA,NA,8,3,NA,1341012
Peru,PER,CALLAO,07,24,PE-CAL,2020-04-10,465,16,NA,NA,250,215,NA,994494
Peru,PER,CUSCO,08,07,PE-CUS,2020-04-10,57,3,NA,NA,57,NA,NA,1205527
Peru,PER,HUANCAVELICA,09,08,PE-HUV,2020-04-10,7,1,NA,NA,7,NA,NA,347639
Peru,PER,HUANUCO,10,09,PE-HUC,2020-04-10,9,NA,NA,NA,7,2,NA,721047
Peru,PER,ICA,11,10,PE-ICA,2020-04-10,37,2,NA,NA,37,NA,NA,850765
Peru,PER,JUNIN,12,11,PE-JUN,2020-04-10,56,1,NA,NA,55,1,NA,1246038
Peru,PER,LA LIBERTAD,13,12,PE-LAL,2020-04-10,101,6,NA,NA,87,14,NA,1778080
Peru,PER,LAMBAYEQUE,14,13,PE-LAM,2020-04-10,302,32,NA,NA,294,8,NA,1197260
Peru,PER,LIMA,15,14,PE-LIM,2020-04-10,4210,87,NA,NA,3148,1062,NA,9485405
Peru,PER,LORETO,16,15,PE-LOR,2020-04-10,315,5,NA,NA,314,1,NA,883510
Peru,PER,MADRE DE DIOS,17,16,PE-MDD,2020-04-10,3,NA,NA,NA,3,NA,NA,141070
Peru,PER,MOQUEGUA,18,17,PE-MOQ,2020-04-10,3,NA,NA,NA,1,2,NA,174863
Peru,PER,PASCO,19,18,PE-PAS,2020-04-10,8,NA,NA,NA,8,NA,NA,254065
Peru,PER,PIURA,20,19,PE-PIU,2020-04-10,68,3,NA,NA,64,4,NA,1856809
Peru,PER,PUNO,21,20,PE-PUN,2020-04-10,1,NA,NA,NA,1,NA,NA,1172697
Peru,PER,SAN MARTIN,22,21,PE-SAM,2020-04-10,18,1,NA,NA,18,NA,NA,813381
Peru,PER,TACNA,23,22,PE-TAC,2020-04-10,9,NA,NA,NA,9,NA,NA,329332
Peru,PER,TUMBES,24,23,PE-TUM,2020-04-10,27,4,NA,NA,27,NA,NA,224863
Peru,PER,UCAYALI,25,25,PE-UCA,2020-04-10,12,NA,NA,NA,NA,12,NA,496459
Peru,PER,NA,NA,NA,NA,2020-04-10,5897,169,1569,50784,4549,1348,NA,NA
Peru,PER,AMAZONAS,01,01,PE-AMA,2020-04-11,22,NA,NA,NA,7,15,NA,379384
Peru,PER,ANCASH,02,02,PE-ANC,2020-04-11,88,5,NA,NA,73,15,NA,1083519
Peru,PER,APURIMAC,03,03,PE-APU,2020-04-11,3,NA,NA,NA,2,1,NA,405759
Peru,PER,AREQUIPA,04,04,PE-ARE,2020-04-11,85,4,NA,NA,75,10,NA,1382730
Peru,PER,AYACUCHO,05,05,PE-AYA,2020-04-11,13,NA,NA,NA,11,2,NA,616176
Peru,PER,CAJAMARCA,06,06,PE-CAJ,2020-04-11,11,NA,NA,NA,8,3,NA,1341012
Peru,PER,CALLAO,07,24,PE-CAL,2020-04-11,541,16,NA,NA,319,222,NA,994494
Peru,PER,CUSCO,08,07,PE-CUS,2020-04-11,58,3,NA,NA,57,1,NA,1205527
Peru,PER,HUANCAVELICA,09,08,PE-HUV,2020-04-11,7,1,NA,NA,7,NA,NA,347639
Peru,PER,HUANUCO,10,09,PE-HUC,2020-04-11,9,NA,NA,NA,7,2,NA,721047
Peru,PER,ICA,11,10,PE-ICA,2020-04-11,47,2,NA,NA,47,NA,NA,850765
Peru,PER,JUNIN,12,11,PE-JUN,2020-04-11,58,1,NA,NA,56,2,NA,1246038
Peru,PER,LA LIBERTAD,13,12,PE-LAL,2020-04-11,108,6,NA,NA,90,18,NA,1778080
Peru,PER,LAMBAYEQUE,14,13,PE-LAM,2020-04-11,326,33,NA,NA,316,10,NA,1197260
Peru,PER,LIMA,15,14,PE-LIM,2020-04-11,4933,94,NA,NA,3688,1245,NA,9485405
Peru,PER,LORETO,16,15,PE-LOR,2020-04-11,315,6,NA,NA,314,1,NA,883510
Peru,PER,MADRE DE DIOS,17,16,PE-MDD,2020-04-11,4,NA,NA,NA,3,1,NA,141070
Peru,PER,MOQUEGUA,18,17,PE-MOQ,2020-04-11,8,NA,NA,NA,1,7,NA,174863
Peru,PER,PASCO,19,18,PE-PAS,2020-04-11,9,NA,NA,NA,9,NA,NA,254065
Peru,PER,PIURA,20,19,PE-PIU,2020-04-11,91,5,NA,NA,86,5,NA,1856809
Peru,PER,PUNO,21,20,PE-PUN,2020-04-11,1,NA,NA,NA,1,NA,NA,1172697
Peru,PER,SAN MARTIN,22,21,PE-SAM,2020-04-11,20,1,NA,NA,20,NA,NA,813381
Peru,PER,TACNA,23,22,PE-TAC,2020-04-11,9,NA,NA,NA,9,NA,NA,329332
Peru,PER,TUMBES,24,23,PE-TUM,2020-04-11,68,4,NA,NA,54,14,NA,224863
Peru,PER,UCAYALI,25,25,PE-UCA,2020-04-11,14,NA,NA,NA,1,13,NA,496459
Peru,PER,NA,NA,NA,NA,2020-04-11,6848,181,1739,58864,5261,1587,NA,NA
Peru,PER,AMAZONAS,01,01,PE-AMA,2020-04-12,19,NA,NA,NA,4,12,3,379384
Peru,PER,ANCASH,02,02,PE-ANC,2020-04-12,102,NA,NA,NA,81,14,7,1083519
Peru,PER,APURIMAC,03,03,PE-APU,2020-04-12,5,NA,NA,NA,4,1,NA,405759
Peru,PER,AREQUIPA,04,04,PE-ARE,2020-04-12,86,NA,NA,NA,75,10,1,1382730
Peru,PER,AYACUCHO,05,05,PE-AYA,2020-04-12,11,NA,NA,NA,7,2,2,616176
Peru,PER,CAJAMARCA,06,06,PE-CAJ,2020-04-12,11,NA,NA,NA,7,2,2,1341012
Peru,PER,CALLAO,07,24,PE-CAL,2020-04-12,596,NA,NA,NA,346,245,5,994494
Peru,PER,CUSCO,08,07,PE-CUS,2020-04-12,59,NA,NA,NA,58,1,NA,1205527
Peru,PER,HUANCAVELICA,09,08,PE-HUV,2020-04-12,9,NA,NA,NA,9,NA,NA,347639
Peru,PER,HUANUCO,10,09,PE-HUC,2020-04-12,10,NA,NA,NA,7,3,NA,721047
Peru,PER,ICA,11,10,PE-ICA,2020-04-12,58,NA,NA,NA,56,2,NA,850765
Peru,PER,JUNIN,12,11,PE-JUN,2020-04-12,64,NA,NA,NA,62,2,NA,1246038
Peru,PER,LA LIBERTAD,13,12,PE-LAL,2020-04-12,110,NA,NA,NA,90,20,NA,1778080
Peru,PER,LAMBAYEQUE,14,13,PE-LAM,2020-04-12,355,NA,NA,NA,344,8,3,1197260
Peru,PER,LIMA,15,14,PE-LIM,2020-04-12,5456,NA,NA,NA,3921,1379,156,9485405
Peru,PER,LORETO,16,15,PE-LOR,2020-04-12,322,NA,NA,NA,319,3,NA,883510
Peru,PER,MADRE DE DIOS,17,16,PE-MDD,2020-04-12,3,NA,NA,NA,2,NA,1,141070
Peru,PER,MOQUEGUA,18,17,PE-MOQ,2020-04-12,10,NA,NA,NA,2,8,NA,174863
Peru,PER,PASCO,19,18,PE-PAS,2020-04-12,11,NA,NA,NA,11,NA,NA,254065
Peru,PER,PIURA,20,19,PE-PIU,2020-04-12,104,NA,NA,NA,89,14,1,1856809
Peru,PER,PUNO,21,20,PE-PUN,2020-04-12,2,NA,NA,NA,2,NA,NA,1172697
Peru,PER,SAN MARTIN,22,21,PE-SAM,2020-04-12,23,NA,NA,NA,22,1,NA,813381
Peru,PER,TACNA,23,22,PE-TAC,2020-04-12,9,NA,NA,NA,9,NA,NA,329332
Peru,PER,TUMBES,24,23,PE-TUM,2020-04-12,69,NA,NA,NA,55,11,3,224863
Peru,PER,UCAYALI,25,25,PE-UCA,2020-04-12,15,NA,NA,NA,1,14,NA,496459
Peru,PER,NA,NA,NA,NA,2020-04-12,7519,193,1798,68987,5583,1752,184,NA
Peru,PER,AMAZONAS,01,01,PE-AMA,2020-04-13,25,NA,NA,NA,NA,NA,NA,379384
Peru,PER,ANCASH,02,02,PE-ANC,2020-04-13,110,NA,NA,NA,NA,NA,NA,1083519
Peru,PER,APURIMAC,03,03,PE-APU,2020-04-13,5,NA,NA,NA,NA,NA,NA,405759
Peru,PER,AREQUIPA,04,04,PE-ARE,2020-04-13,98,NA,NA,NA,NA,NA,NA,1382730
Peru,PER,AYACUCHO,05,05,PE-AYA,2020-04-13,11,NA,NA,NA,NA,NA,NA,616176
Peru,PER,CAJAMARCA,06,06,PE-CAJ,2020-04-13,11,NA,NA,NA,NA,NA,NA,1341012
Peru,PER,CALLAO,07,24,PE-CAL,2020-04-13,733,NA,NA,NA,NA,NA,NA,994494
Peru,PER,CUSCO,08,07,PE-CUS,2020-04-13,59,NA,NA,NA,NA,NA,NA,1205527
Peru,PER,HUANCAVELICA,09,08,PE-HUV,2020-04-13,10,NA,NA,NA,NA,NA,NA,347639
Peru,PER,HUANUCO,10,09,PE-HUC,2020-04-13,15,NA,NA,NA,NA,NA,NA,721047
Peru,PER,ICA,11,10,PE-ICA,2020-04-13,58,NA,NA,NA,NA,NA,NA,850765
Peru,PER,JUNIN,12,11,PE-JUN,2020-04-13,68,NA,NA,NA,NA,NA,NA,1246038
Peru,PER,LA LIBERTAD,13,12,PE-LAL,2020-04-13,115,NA,NA,NA,NA,NA,NA,1778080
Peru,PER,LAMBAYEQUE,14,13,PE-LAM,2020-04-13,392,NA,NA,NA,NA,NA,NA,1197260
Peru,PER,LIMA,15,14,PE-LIM,2020-04-13,7458,NA,NA,NA,NA,NA,NA,9485405
Peru,PER,LORETO,16,15,PE-LOR,2020-04-13,340,NA,NA,NA,NA,NA,NA,883510
Peru,PER,MADRE DE DIOS,17,16,PE-MDD,2020-04-13,10,NA,NA,NA,NA,NA,NA,141070
Peru,PER,MOQUEGUA,18,17,PE-MOQ,2020-04-13,12,NA,NA,NA,NA,NA,NA,174863
Peru,PER,PASCO,19,18,PE-PAS,2020-04-13,11,NA,NA,NA,NA,NA,NA,254065
Peru,PER,PIURA,20,19,PE-PIU,2020-04-13,120,NA,NA,NA,NA,NA,NA,1856809
Peru,PER,PUNO,21,20,PE-PUN,2020-04-13,2,NA,NA,NA,NA,NA,NA,1172697
Peru,PER,SAN MARTIN,22,21,PE-SAM,2020-04-13,23,NA,NA,NA,NA,NA,NA,813381
Peru,PER,TACNA,23,22,PE-TAC,2020-04-13,9,NA,NA,NA,NA,NA,NA,329332
Peru,PER,TUMBES,24,23,PE-TUM,2020-04-13,72,NA,NA,NA,NA,NA,NA,224863
Peru,PER,UCAYALI,25,25,PE-UCA,2020-04-13,17,NA,NA,NA,NA,NA,NA,496459
Peru,PER,NA,NA,NA,NA,2020-04-13,9784,216,2642,77382,NA,NA,NA,NA
Peru,PER,AMAZONAS,01,01,PE-AMA,2020-04-14,25,NA,NA,NA,10,11,4,379384
Peru,PER,ANCASH,02,02,PE-ANC,2020-04-14,124,5,NA,NA,85,31,8,1083519
Peru,PER,APURIMAC,03,03,PE-APU,2020-04-14,10,NA,NA,NA,4,6,NA,405759
Peru,PER,AREQUIPA,04,04,PE-ARE,2020-04-14,99,5,NA,NA,88,10,1,1382730
Peru,PER,AYACUCHO,05,05,PE-AYA,2020-04-14,15,NA,NA,NA,7,5,3,616176
Peru,PER,CAJAMARCA,06,06,PE-CAJ,2020-04-14,19,NA,NA,NA,6,10,3,1341012
Peru,PER,CALLAO,07,24,PE-CAL,2020-04-14,908,20,NA,NA,393,509,6,994494
Peru,PER,CUSCO,08,07,PE-CUS,2020-04-14,106,3,NA,NA,59,47,NA,1205527
Peru,PER,HUANCAVELICA,09,08,PE-HUV,2020-04-14,10,1,NA,NA,10,NA,NA,347639
Peru,PER,HUANUCO,10,09,PE-HUC,2020-04-14,15,NA,NA,NA,7,8,NA,721047
Peru,PER,ICA,11,10,PE-ICA,2020-04-14,76,2,NA,NA,72,4,NA,850765
Peru,PER,JUNIN,12,11,PE-JUN,2020-04-14,68,1,NA,NA,66,2,NA,1246038
Peru,PER,LA LIBERTAD,13,12,PE-LAL,2020-04-14,166,7,NA,NA,96,70,NA,1778080
Peru,PER,LAMBAYEQUE,14,13,PE-LAM,2020-04-14,427,44,NA,NA,377,47,3,1197260
Peru,PER,LIMA,15,14,PE-LIM,2020-04-14,7476,114,NA,NA,4465,2813,198,9485405
Peru,PER,LORETO,16,15,PE-LOR,2020-04-14,357,9,NA,NA,354,3,NA,883510
Peru,PER,MADRE DE DIOS,17,16,PE-MDD,2020-04-14,19,NA,NA,NA,2,16,1,141070
Peru,PER,MOQUEGUA,18,17,PE-MOQ,2020-04-14,13,NA,NA,NA,3,10,NA,174863
Peru,PER,PASCO,19,18,PE-PAS,2020-04-14,11,NA,NA,NA,11,NA,NA,254065
Peru,PER,PIURA,20,19,PE-PIU,2020-04-14,224,14,NA,NA,92,131,1,1856809
Peru,PER,PUNO,21,20,PE-PUN,2020-04-14,2,NA,NA,NA,2,NA,NA,1172697
Peru,PER,SAN MARTIN,22,21,PE-SAM,2020-04-14,23,1,NA,NA,22,1,NA,813381
Peru,PER,TACNA,23,22,PE-TAC,2020-04-14,9,NA,NA,NA,9,NA,NA,329332
Peru,PER,TUMBES,24,23,PE-TUM,2020-04-14,69,4,NA,NA,55,11,3,224863
Peru,PER,UCAYALI,25,25,PE-UCA,2020-04-14,32,NA,NA,NA,1,31,NA,496459
Peru,PER,NA,NA,NA,NA,2020-04-14,10303,230,2869,91913,6296,3776,231,NA
Peru,PER,AMAZONAS,01,01,PE-AMA,2020-04-15,25,NA,NA,NA,17,8,NA,379384
Peru,PER,ANCASH,02,02,PE-ANC,2020-04-15,144,5,NA,NA,101,43,NA,1083519
Peru,PER,APURIMAC,03,03,PE-APU,2020-04-15,20,NA,NA,NA,9,11,NA,405759
Peru,PER,AREQUIPA,04,04,PE-ARE,2020-04-15,98,5,NA,NA,88,10,NA,1382730
Peru,PER,AYACUCHO,05,05,PE-AYA,2020-04-15,22,NA,NA,NA,10,12,NA,616176
Peru,PER,CAJAMARCA,06,06,PE-CAJ,2020-04-15,20,1,NA,NA,9,11,NA,1341012
Peru,PER,CALLAO,07,24,PE-CAL,2020-04-15,939,24,NA,NA,430,509,NA,994494
Peru,PER,CUSCO,08,07,PE-CUS,2020-04-15,108,3,NA,NA,60,48,NA,1205527
Peru,PER,HUANCAVELICA,09,08,PE-HUV,2020-04-15,11,1,NA,NA,11,NA,NA,347639
Peru,PER,HUANUCO,10,09,PE-HUC,2020-04-15,39,NA,NA,NA,7,32,NA,721047
Peru,PER,ICA,11,10,PE-ICA,2020-04-15,101,2,NA,NA,78,23,NA,850765
Peru,PER,JUNIN,12,11,PE-JUN,2020-04-15,79,1,NA,NA,77,2,NA,1246038
Peru,PER,LA LIBERTAD,13,12,PE-LAL,2020-04-15,184,7,NA,NA,114,70,NA,1778080
Peru,PER,LAMBAYEQUE,14,13,PE-LAM,2020-04-15,428,53,NA,NA,381,47,NA,1197260
Peru,PER,LIMA,15,14,PE-LIM,2020-04-15,8412,117,NA,NA,4826,3586,NA,9485405
Peru,PER,LORETO,16,15,PE-LOR,2020-04-15,396,10,NA,NA,376,20,NA,883510
Peru,PER,MADRE DE DIOS,17,16,PE-MDD,2020-04-15,19,NA,NA,NA,3,16,NA,141070
Peru,PER,MOQUEGUA,18,17,PE-MOQ,2020-04-15,16,NA,NA,NA,3,13,NA,174863
Peru,PER,PASCO,19,18,PE-PAS,2020-04-15,11,NA,NA,NA,11,NA,NA,254065
Peru,PER,PIURA,20,19,PE-PIU,2020-04-15,229,14,NA,NA,98,131,NA,1856809
Peru,PER,PUNO,21,20,PE-PUN,2020-04-15,2,NA,NA,NA,2,NA,NA,1172697
Peru,PER,SAN MARTIN,22,21,PE-SAM,2020-04-15,48,1,NA,NA,28,20,NA,813381
Peru,PER,TACNA,23,22,PE-TAC,2020-04-15,10,NA,NA,NA,9,1,NA,329332
Peru,PER,TUMBES,24,23,PE-TUM,2020-04-15,82,10,NA,NA,71,11,NA,224863
Peru,PER,UCAYALI,25,25,PE-UCA,2020-04-15,32,NA,NA,NA,1,31,NA,496459
Peru,PER,NA,NA,NA,NA,2020-04-15,11475,254,3108,97910,6820,4655,NA,NA
Peru,PER,AMAZONAS,01,01,PE-AMA,2020-04-16,23,NA,NA,NA,17,6,NA,379384
Peru,PER,ANCASH,02,02,PE-ANC,2020-04-16,171,5,NA,NA,114,57,NA,1083519
Peru,PER,APURIMAC,03,03,PE-APU,2020-04-16,22,NA,NA,NA,9,13,NA,405759
Peru,PER,AREQUIPA,04,04,PE-ARE,2020-04-16,111,5,NA,NA,100,11,NA,1382730
Peru,PER,AYACUCHO,05,05,PE-AYA,2020-04-16,23,NA,NA,NA,10,13,NA,616176
Peru,PER,CAJAMARCA,06,06,PE-CAJ,2020-04-16,22,1,NA,NA,9,13,NA,1341012
Peru,PER,CALLAO,07,24,PE-CAL,2020-04-16,1008,27,NA,NA,454,554,NA,994494
Peru,PER,CUSCO,08,07,PE-CUS,2020-04-16,109,3,NA,NA,60,49,NA,1205527
Peru,PER,HUANCAVELICA,09,08,PE-HUV,2020-04-16,11,1,NA,NA,11,NA,NA,347639
Peru,PER,HUANUCO,10,09,PE-HUC,2020-04-16,42,NA,NA,NA,7,35,NA,721047
Peru,PER,ICA,11,10,PE-ICA,2020-04-16,106,2,NA,NA,81,25,NA,850765
Peru,PER,JUNIN,12,11,PE-JUN,2020-04-16,79,1,NA,NA,77,2,NA,1246038
Peru,PER,LA LIBERTAD,13,12,PE-LAL,2020-04-16,193,9,NA,NA,123,70,NA,1778080
Peru,PER,LAMBAYEQUE,14,13,PE-LAM,2020-04-16,571,54,NA,NA,522,49,NA,1197260
Peru,PER,LIMA,15,14,PE-LIM,2020-04-16,9107,129,NA,NA,5050,4057,NA,9485405
Peru,PER,LORETO,16,15,PE-LOR,2020-04-16,412,10,NA,NA,388,24,NA,883510
Peru,PER,MADRE DE DIOS,17,16,PE-MDD,2020-04-16,19,NA,NA,NA,3,16,NA,141070
Peru,PER,MOQUEGUA,18,17,PE-MOQ,2020-04-16,21,NA,NA,NA,3,18,NA,174863
Peru,PER,PASCO,19,18,PE-PAS,2020-04-16,11,NA,NA,NA,11,NA,NA,254065
Peru,PER,PIURA,20,19,PE-PIU,2020-04-16,233,14,NA,NA,100,133,NA,1856809
Peru,PER,PUNO,21,20,PE-PUN,2020-04-16,2,NA,NA,NA,2,NA,NA,1172697
Peru,PER,SAN MARTIN,22,21,PE-SAM,2020-04-16,47,1,NA,NA,28,19,NA,813381
Peru,PER,TACNA,23,22,PE-TAC,2020-04-16,14,NA,NA,NA,9,5,NA,329332
Peru,PER,TUMBES,24,23,PE-TUM,2020-04-16,85,10,NA,NA,71,14,NA,224863
Peru,PER,UCAYALI,25,25,PE-UCA,2020-04-16,49,2,NA,NA,7,42,NA,496459
Peru,PER,NA,NA,NA,NA,2020-04-16,12491,274,6120,108977,7266,5225,NA,NA
Peru,PER,AMAZONAS,01,01,PE-AMA,2020-04-17,46,NA,NA,NA,17,29,NA,379384
Peru,PER,ANCASH,02,02,PE-ANC,2020-04-17,189,13,NA,NA,122,67,NA,1083519
Peru,PER,APURIMAC,03,03,PE-APU,2020-04-17,32,NA,NA,NA,9,23,NA,405759
Peru,PER,AREQUIPA,04,04,PE-ARE,2020-04-17,134,5,NA,NA,107,27,NA,1382730
Peru,PER,AYACUCHO,05,05,PE-AYA,2020-04-17,23,NA,NA,NA,10,13,NA,616176
Peru,PER,CAJAMARCA,06,06,PE-CAJ,2020-04-17,38,2,NA,NA,9,29,NA,1341012
Peru,PER,CALLAO,07,24,PE-CAL,2020-04-17,1080,27,NA,NA,495,585,NA,994494
Peru,PER,CUSCO,08,07,PE-CUS,2020-04-17,112,3,NA,NA,62,50,NA,1205527
Peru,PER,HUANCAVELICA,09,08,PE-HUV,2020-04-17,17,1,NA,NA,13,4,NA,347639
Peru,PER,HUANUCO,10,09,PE-HUC,2020-04-17,45,NA,NA,NA,7,38,NA,721047
Peru,PER,ICA,11,10,PE-ICA,2020-04-17,119,2,NA,NA,91,28,NA,850765
Peru,PER,JUNIN,12,11,PE-JUN,2020-04-17,101,1,NA,NA,88,13,NA,1246038
Peru,PER,LA LIBERTAD,13,12,PE-LAL,2020-04-17,194,16,NA,NA,124,70,NA,1778080
Peru,PER,LAMBAYEQUE,14,13,PE-LAM,2020-04-17,600,63,NA,NA,523,77,NA,1197260
Peru,PER,LIMA,15,14,PE-LIM,2020-04-17,9793,129,NA,NA,5390,4403,NA,9485405
Peru,PER,LORETO,16,15,PE-LOR,2020-04-17,431,10,NA,NA,388,43,NA,883510
Peru,PER,MADRE DE DIOS,17,16,PE-MDD,2020-04-17,21,NA,NA,NA,9,12,NA,141070
Peru,PER,MOQUEGUA,18,17,PE-MOQ,2020-04-17,24,NA,NA,NA,5,19,NA,174863
Peru,PER,PASCO,19,18,PE-PAS,2020-04-17,13,NA,NA,NA,12,1,NA,254065
Peru,PER,PIURA,20,19,PE-PIU,2020-04-17,264,15,NA,NA,104,160,NA,1856809
Peru,PER,PUNO,21,20,PE-PUN,2020-04-17,2,NA,NA,NA,2,NA,NA,1172697
Peru,PER,SAN MARTIN,22,21,PE-SAM,2020-04-17,49,1,NA,NA,28,21,NA,813381
Peru,PER,TACNA,23,22,PE-TAC,2020-04-17,20,NA,NA,NA,10,10,NA,329332
Peru,PER,TUMBES,24,23,PE-TUM,2020-04-17,86,10,NA,NA,71,15,NA,224863
Peru,PER,UCAYALI,25,25,PE-UCA,2020-04-17,56,2,NA,NA,7,49,NA,496459
Peru,PER,NA,NA,NA,NA,2020-04-17,13489,300,6541,114024,7703,5786,NA,NA
Peru,PER,AMAZONAS,01,01,PE-AMA,2020-04-18,51,NA,NA,NA,17,34,NA,379384
Peru,PER,ANCASH,02,02,PE-ANC,2020-04-18,217,13,NA,NA,134,83,NA,1083519
Peru,PER,APURIMAC,03,03,PE-APU,2020-04-18,35,NA,NA,NA,9,26,NA,405759
Peru,PER,AREQUIPA,04,04,PE-ARE,2020-04-18,146,5,NA,NA,107,39,NA,1382730
Peru,PER,AYACUCHO,05,05,PE-AYA,2020-04-18,29,NA,NA,NA,10,19,NA,616176
Peru,PER,CAJAMARCA,06,06,PE-CAJ,2020-04-18,52,2,NA,NA,10,42,NA,1341012
Peru,PER,CALLAO,07,24,PE-CAL,2020-04-18,1180,34,NA,NA,540,640,NA,994494
Peru,PER,CUSCO,08,07,PE-CUS,2020-04-18,123,3,NA,NA,63,60,NA,1205527
Peru,PER,HUANCAVELICA,09,08,PE-HUV,2020-04-18,18,1,NA,NA,13,5,NA,347639
Peru,PER,HUANUCO,10,09,PE-HUC,2020-04-18,64,NA,NA,NA,8,56,NA,721047
Peru,PER,ICA,11,10,PE-ICA,2020-04-18,124,6,NA,NA,95,29,NA,850765
Peru,PER,JUNIN,12,11,PE-JUN,2020-04-18,130,1,NA,NA,99,31,NA,1246038
Peru,PER,LA LIBERTAD,13,12,PE-LAL,2020-04-18,211,16,NA,NA,132,79,NA,1778080
Peru,PER,LAMBAYEQUE,14,13,PE-LAM,2020-04-18,642,75,NA,NA,537,105,NA,1197260
Peru,PER,LIMA,15,14,PE-LIM,2020-04-18,10234,144,NA,NA,5512,4722,NA,9485405
Peru,PER,LORETO,16,15,PE-LOR,2020-04-18,485,10,NA,NA,443,42,NA,883510
Peru,PER,MADRE DE DIOS,17,16,PE-MDD,2020-04-18,21,NA,NA,NA,9,12,NA,141070
Peru,PER,MOQUEGUA,18,17,PE-MOQ,2020-04-18,28,NA,NA,NA,5,23,NA,174863
Peru,PER,PASCO,19,18,PE-PAS,2020-04-18,13,NA,NA,NA,12,1,NA,254065
Peru,PER,PIURA,20,19,PE-PIU,2020-04-18,344,24,NA,NA,108,236,NA,1856809
Peru,PER,PUNO,21,20,PE-PUN,2020-04-18,5,NA,NA,NA,3,2,NA,1172697
Peru,PER,SAN MARTIN,22,21,PE-SAM,2020-04-18,81,1,NA,NA,28,53,NA,813381
Peru,PER,TACNA,23,22,PE-TAC,2020-04-18,28,NA,NA,NA,10,18,NA,329332
Peru,PER,TUMBES,24,23,PE-TUM,2020-04-18,86,10,NA,NA,71,15,NA,224863
Peru,PER,UCAYALI,25,25,PE-UCA,2020-04-18,73,3,NA,NA,8,65,NA,496459
Peru,PER,NA,NA,NA,NA,2020-04-18,14420,348,6684,121475,7983,6437,NA,NA
Peru,PER,AMAZONAS,01,01,PE-AMA,2020-04-19,51,NA,NA,NA,17,34,NA,379384
Peru,PER,ANCASH,02,02,PE-ANC,2020-04-19,251,16,NA,NA,141,110,NA,1083519
Peru,PER,APURIMAC,03,03,PE-APU,2020-04-19,35,NA,NA,NA,9,26,NA,405759
Peru,PER,AREQUIPA,04,04,PE-ARE,2020-04-19,192,5,NA,NA,107,85,NA,1382730
Peru,PER,AYACUCHO,05,05,PE-AYA,2020-04-19,33,NA,NA,NA,10,23,NA,616176
Peru,PER,CAJAMARCA,06,06,PE-CAJ,2020-04-19,61,2,NA,NA,11,50,NA,1341012
Peru,PER,CALLAO,07,24,PE-CAL,2020-04-19,1239,34,NA,NA,562,677,NA,994494
Peru,PER,CUSCO,08,07,PE-CUS,2020-04-19,130,3,NA,NA,63,67,NA,1205527
Peru,PER,HUANCAVELICA,09,08,PE-HUV,2020-04-19,20,1,NA,NA,13,7,NA,347639
Peru,PER,HUANUCO,10,09,PE-HUC,2020-04-19,83,NA,NA,NA,9,74,NA,721047
Peru,PER,ICA,11,10,PE-ICA,2020-04-19,141,6,NA,NA,97,44,NA,850765
Peru,PER,JUNIN,12,11,PE-JUN,2020-04-19,150,1,NA,NA,105,45,NA,1246038
Peru,PER,LA LIBERTAD,13,12,PE-LAL,2020-04-19,232,17,NA,NA,133,99,NA,1778080
Peru,PER,LAMBAYEQUE,14,13,PE-LAM,2020-04-19,671,81,NA,NA,550,121,NA,1197260
Peru,PER,LIMA,15,14,PE-LIM,2020-04-19,10877,169,NA,NA,5767,5110,NA,9485405
Peru,PER,LORETO,16,15,PE-LOR,2020-04-19,552,14,NA,NA,512,40,NA,883510
Peru,PER,MADRE DE DIOS,17,16,PE-MDD,2020-04-19,25,NA,NA,NA,10,15,NA,141070
Peru,PER,MOQUEGUA,18,17,PE-MOQ,2020-04-19,30,NA,NA,NA,5,25,NA,174863
Peru,PER,PASCO,19,18,PE-PAS,2020-04-19,18,NA,NA,NA,12,6,NA,254065
Peru,PER,PIURA,20,19,PE-PIU,2020-04-19,420,37,NA,NA,110,310,NA,1856809
Peru,PER,PUNO,21,20,PE-PUN,2020-04-19,8,NA,NA,NA,3,5,NA,1172697
Peru,PER,SAN MARTIN,22,21,PE-SAM,2020-04-19,94,1,NA,NA,28,66,NA,813381
Peru,PER,TACNA,23,22,PE-TAC,2020-04-19,35,NA,NA,NA,10,25,NA,329332
Peru,PER,TUMBES,24,23,PE-TUM,2020-04-19,183,10,NA,NA,71,112,NA,224863
Peru,PER,UCAYALI,25,25,PE-UCA,2020-04-19,97,3,NA,NA,8,89,NA,496459
Peru,PER,NA,NA,NA,NA,2020-04-19,15628,400,6811,128117,8363,7265,NA,NA
Peru,PER,AMAZONAS,01,01,PE-AMA,2020-04-20,55,NA,NA,NA,17,38,NA,379384
Peru,PER,ANCASH,02,02,PE-ANC,2020-04-20,275,19,NA,NA,156,119,NA,1083519
Peru,PER,APURIMAC,03,03,PE-APU,2020-04-20,40,NA,NA,NA,9,31,NA,405759
Peru,PER,AREQUIPA,04,04,PE-ARE,2020-04-20,229,8,NA,NA,107,122,NA,1382730
Peru,PER,AYACUCHO,05,05,PE-AYA,2020-04-20,35,NA,NA,NA,12,23,NA,616176
Peru,PER,CAJAMARCA,06,06,PE-CAJ,2020-04-20,62,2,NA,NA,11,51,NA,1341012
Peru,PER,CALLAO,07,24,PE-CAL,2020-04-20,1282,35,NA,NA,602,680,NA,994494
Peru,PER,CUSCO,08,07,PE-CUS,2020-04-20,130,3,NA,NA,63,67,NA,1205527
Peru,PER,HUANCAVELICA,09,08,PE-HUV,2020-04-20,21,1,NA,NA,13,8,NA,347639
Peru,PER,HUANUCO,10,09,PE-HUC,2020-04-20,83,NA,NA,NA,9,74,NA,721047
Peru,PER,ICA,11,10,PE-ICA,2020-04-20,145,6,NA,NA,101,44,NA,850765
Peru,PER,JUNIN,12,11,PE-JUN,2020-04-20,155,1,NA,NA,109,46,NA,1246038
Peru,PER,LA LIBERTAD,13,12,PE-LAL,2020-04-20,253,17,NA,NA,141,112,NA,1778080
Peru,PER,LAMBAYEQUE,14,13,PE-LAM,2020-04-20,675,89,NA,NA,550,125,NA,1197260
Peru,PER,LIMA,15,14,PE-LIM,2020-04-20,11297,199,NA,NA,6253,5044,NA,9485405
Peru,PER,LORETO,16,15,PE-LOR,2020-04-20,585,14,NA,NA,545,40,NA,883510
Peru,PER,MADRE DE DIOS,17,16,PE-MDD,2020-04-20,64,NA,NA,NA,10,54,NA,141070
Peru,PER,MOQUEGUA,18,17,PE-MOQ,2020-04-20,30,NA,NA,NA,5,25,NA,174863
Peru,PER,PASCO,19,18,PE-PAS,2020-04-20,32,NA,NA,NA,13,19,NA,254065
Peru,PER,PIURA,20,19,PE-PIU,2020-04-20,436,37,NA,NA,110,326,NA,1856809
Peru,PER,PUNO,21,20,PE-PUN,2020-04-20,8,NA,NA,NA,3,5,NA,1172697
Peru,PER,SAN MARTIN,22,21,PE-SAM,2020-04-20,94,1,NA,NA,28,66,NA,813381
Peru,PER,TACNA,23,22,PE-TAC,2020-04-20,35,NA,NA,NA,10,25,NA,329332
Peru,PER,TUMBES,24,23,PE-TUM,2020-04-20,184,10,NA,NA,71,113,NA,224863
Peru,PER,UCAYALI,25,25,PE-UCA,2020-04-20,120,3,NA,NA,16,104,NA,496459
Peru,PER,NA,NA,NA,NA,2020-04-20,16325,445,6968,131686,8964,7361,NA,NA
Peru,PER,AMAZONAS,01,01,PE-AMA,2020-04-21,58,NA,NA,NA,58,NA,NA,379384
Peru,PER,ANCASH,02,02,PE-ANC,2020-04-21,334,23,NA,NA,334,23,NA,1083519
Peru,PER,APURIMAC,03,03,PE-APU,2020-04-21,42,NA,NA,NA,42,NA,NA,405759
Peru,PER,AREQUIPA,04,04,PE-ARE,2020-04-21,273,8,NA,NA,273,8,NA,1382730
Peru,PER,AYACUCHO,05,05,PE-AYA,2020-04-21,38,NA,NA,NA,38,NA,NA,616176
Peru,PER,CAJAMARCA,06,06,PE-CAJ,2020-04-21,73,2,NA,NA,73,2,NA,1341012
Peru,PER,CALLAO,07,24,PE-CAL,2020-04-21,1369,36,NA,NA,1369,36,NA,994494
Peru,PER,CUSCO,08,07,PE-CUS,2020-04-21,132,3,NA,NA,132,3,NA,1205527
Peru,PER,HUANCAVELICA,09,08,PE-HUV,2020-04-21,16,1,NA,NA,16,1,NA,347639
Peru,PER,HUANUCO,10,09,PE-HUC,2020-04-21,91,NA,NA,NA,91,NA,NA,721047
Peru,PER,ICA,11,10,PE-ICA,2020-04-21,195,6,NA,NA,195,6,NA,850765
Peru,PER,JUNIN,12,11,PE-JUN,2020-04-21,178,1,NA,NA,178,1,NA,1246038
Peru,PER,LA LIBERTAD,13,12,PE-LAL,2020-04-21,303,17,NA,NA,303,17,NA,1778080
Peru,PER,LAMBAYEQUE,14,13,PE-LAM,2020-04-21,741,90,NA,NA,741,90,NA,1197260
Peru,PER,LIMA,15,14,PE-LIM,2020-04-21,12256,227,NA,NA,12256,227,NA,9485405
Peru,PER,LORETO,16,15,PE-LOR,2020-04-21,617,19,NA,NA,617,19,NA,883510
Peru,PER,MADRE DE DIOS,17,16,PE-MDD,2020-04-21,66,NA,NA,NA,66,NA,NA,141070
Peru,PER,MOQUEGUA,18,17,PE-MOQ,2020-04-21,41,NA,NA,NA,41,NA,NA,174863
Peru,PER,PASCO,19,18,PE-PAS,2020-04-21,39,NA,NA,NA,39,NA,NA,254065
Peru,PER,PIURA,20,19,PE-PIU,2020-04-21,475,37,NA,NA,475,37,NA,1856809
Peru,PER,PUNO,21,20,PE-PUN,2020-04-21,11,NA,NA,NA,11,NA,NA,1172697
Peru,PER,SAN MARTIN,22,21,PE-SAM,2020-04-21,100,1,NA,NA,100,1,NA,813381
Peru,PER,TACNA,23,22,PE-TAC,2020-04-21,42,NA,NA,NA,42,NA,NA,329332
Peru,PER,TUMBES,24,23,PE-TUM,2020-04-21,198,10,NA,NA,198,10,NA,224863
Peru,PER,UCAYALI,25,25,PE-UCA,2020-04-21,149,3,NA,NA,149,3,NA,496459
Peru,PER,NA,NA,NA,NA,2020-04-21,17837,484,6982,137887,17837,484,NA,NA
Peru,PER,AMAZONAS,01,01,PE-AMA,2020-04-22,60,0,NA,NA,17,43,NA,379384
Peru,PER,ANCASH,02,02,PE-ANC,2020-04-22,365,26,NA,NA,169,196,NA,1083519
Peru,PER,APURIMAC,03,03,PE-APU,2020-04-22,46,0,NA,NA,9,37,NA,405759
Peru,PER,AREQUIPA,04,04,PE-ARE,2020-04-22,276,8,NA,NA,123,153,NA,1382730
Peru,PER,AYACUCHO,05,05,PE-AYA,2020-04-22,38,0,NA,NA,12,26,NA,616176
Peru,PER,CAJAMARCA,06,06,PE-CAJ,2020-04-22,78,2,NA,NA,14,64,NA,1341012
Peru,PER,CALLAO,07,24,PE-CAL,2020-04-22,1416,39,NA,NA,640,776,NA,994494
Peru,PER,CUSCO,08,07,PE-CUS,2020-04-22,147,3,NA,NA,63,84,NA,1205527
Peru,PER,HUANCAVELICA,09,08,PE-HUV,2020-04-22,19,1,NA,NA,13,6,NA,347639
Peru,PER,HUANUCO,10,09,PE-HUC,2020-04-22,114,0,NA,NA,10,104,NA,721047
Peru,PER,ICA,11,10,PE-ICA,2020-04-22,213,6,NA,NA,128,85,NA,850765
Peru,PER,JUNIN,12,11,PE-JUN,2020-04-22,207,1,NA,NA,116,91,NA,1246038
Peru,PER,LA LIBERTAD,13,12,PE-LAL,2020-04-22,318,17,NA,NA,150,168,NA,1778080
Peru,PER,LAMBAYEQUE,14,13,PE-LAM,2020-04-22,864,97,NA,NA,581,283,NA,1197260
Peru,PER,LIMA,15,14,PE-LIM,2020-04-22,13214,247,NA,NA,7139,6075,NA,9485405
Peru,PER,LORETO,16,15,PE-LOR,2020-04-22,653,23,NA,NA,593,60,NA,883510
Peru,PER,MADRE DE DIOS,17,16,PE-MDD,2020-04-22,71,0,NA,NA,13,58,NA,141070
Peru,PER,MOQUEGUA,18,17,PE-MOQ,2020-04-22,48,0,NA,NA,5,43,NA,174863
Peru,PER,PASCO,19,18,PE-PAS,2020-04-22,46,1,NA,NA,19,27,NA,254065
Peru,PER,PIURA,20,19,PE-PIU,2020-04-22,514,45,NA,NA,119,395,NA,1856809
Peru,PER,PUNO,21,20,PE-PUN,2020-04-22,15,0,NA,NA,3,12,NA,1172697
Peru,PER,SAN MARTIN,22,21,PE-SAM,2020-04-22,107,1,NA,NA,29,78,NA,813381
Peru,PER,TACNA,23,22,PE-TAC,2020-04-22,44,0,NA,NA,10,34,NA,329332
Peru,PER,TUMBES,24,23,PE-TUM,2020-04-22,205,10,NA,NA,71,134,NA,224863
Peru,PER,UCAYALI,25,25,PE-UCA,2020-04-22,172,3,NA,NA,16,156,NA,496459
Peru,PER,NA,NA,NA,NA,2020-04-22,19250,530,7027,151150,10062,9188,NA,NA
Peru,PER,AMAZONAS,01,01,PE-AMA,2020-04-23,64,0,NA,NA,17,47,NA,379384
Peru,PER,ANCASH,02,02,PE-ANC,2020-04-23,352,28,NA,NA,173,179,NA,1083519
Peru,PER,APURIMAC,03,03,PE-APU,2020-04-23,52,0,NA,NA,9,43,NA,405759
Peru,PER,AREQUIPA,04,04,PE-ARE,2020-04-23,291,8,NA,NA,128,163,NA,1382730
Peru,PER,AYACUCHO,05,05,PE-AYA,2020-04-23,39,0,NA,NA,13,26,NA,616176
Peru,PER,CAJAMARCA,06,06,PE-CAJ,2020-04-23,90,2,NA,NA,13,77,NA,1341012
Peru,PER,CALLAO,07,24,PE-CAL,2020-04-23,1536,39,NA,NA,683,853,NA,994494
Peru,PER,CUSCO,08,07,PE-CUS,2020-04-23,158,3,NA,NA,64,94,NA,1205527
Peru,PER,HUANCAVELICA,09,08,PE-HUV,2020-04-23,21,1,NA,NA,13,8,NA,347639
Peru,PER,HUANUCO,10,09,PE-HUC,2020-04-23,116,0,NA,NA,10,106,NA,721047
Peru,PER,ICA,11,10,PE-ICA,2020-04-23,248,6,NA,NA,142,106,NA,850765
Peru,PER,JUNIN,12,11,PE-JUN,2020-04-23,206,1,NA,NA,125,81,NA,1246038
Peru,PER,LA LIBERTAD,13,12,PE-LAL,2020-04-23,391,17,NA,NA,151,240,NA,1778080
Peru,PER,LAMBAYEQUE,14,13,PE-LAM,2020-04-23,968,111,NA,NA,595,373,NA,1197260
Peru,PER,LIMA,15,14,PE-LIM,2020-04-23,14300,267,NA,NA,7768,6532,NA,9485405
Peru,PER,LORETO,16,15,PE-LOR,2020-04-23,700,23,NA,NA,602,98,NA,883510
Peru,PER,MADRE DE DIOS,17,16,PE-MDD,2020-04-23,77,0,NA,NA,13,64,NA,141070
Peru,PER,MOQUEGUA,18,17,PE-MOQ,2020-04-23,52,0,NA,NA,6,46,NA,174863
Peru,PER,PASCO,19,18,PE-PAS,2020-04-23,48,1,NA,NA,20,28,NA,254065
Peru,PER,PIURA,20,19,PE-PIU,2020-04-23,568,45,NA,NA,130,438,NA,1856809
Peru,PER,PUNO,21,20,PE-PUN,2020-04-23,33,0,NA,NA,5,28,NA,1172697
Peru,PER,SAN MARTIN,22,21,PE-SAM,2020-04-23,111,1,NA,NA,29,82,NA,813381
Peru,PER,TACNA,23,22,PE-TAC,2020-04-23,50,0,NA,NA,12,38,NA,329332
Peru,PER,TUMBES,24,23,PE-TUM,2020-04-23,233,16,NA,NA,71,162,NA,224863
Peru,PER,UCAYALI,25,25,PE-UCA,2020-04-23,210,3,NA,NA,16,194,NA,496459
Peru,PER,NA,NA,NA,NA,2020-04-23,20914,572,7422,164324,10808,10106,NA,NA
Peru,PER,AMAZONAS,01,01,PE-AMA,2020-04-24,65,0,NA,NA,17,48,NA,379384
Peru,PER,ANCASH,02,02,PE-ANC,2020-04-24,361,29,NA,NA,182,179,NA,1083519
Peru,PER,APURIMAC,03,03,PE-APU,2020-04-24,53,0,NA,NA,9,44,NA,405759
Peru,PER,AREQUIPA,04,04,PE-ARE,2020-04-24,311,10,NA,NA,149,162,NA,1382730
Peru,PER,AYACUCHO,05,05,PE-AYA,2020-04-24,40,0,NA,NA,13,27,NA,616176
Peru,PER,CAJAMARCA,06,06,PE-CAJ,2020-04-24,92,2,NA,NA,15,77,NA,1341012
Peru,PER,CALLAO,07,24,PE-CAL,2020-04-24,1591,40,NA,NA,738,853,NA,994494
Peru,PER,CUSCO,08,07,PE-CUS,2020-04-24,160,3,NA,NA,66,94,NA,1205527
Peru,PER,HUANCAVELICA,09,08,PE-HUV,2020-04-24,23,1,NA,NA,14,9,NA,347639
Peru,PER,HUANUCO,10,09,PE-HUC,2020-04-24,116,1,NA,NA,10,106,NA,721047
Peru,PER,ICA,11,10,PE-ICA,2020-04-24,258,6,NA,NA,146,112,NA,850765
Peru,PER,JUNIN,12,11,PE-JUN,2020-04-24,219,4,NA,NA,125,94,NA,1246038
Peru,PER,LA LIBERTAD,13,12,PE-LAL,2020-04-24,410,23,NA,NA,160,250,NA,1778080
Peru,PER,LAMBAYEQUE,14,13,PE-LAM,2020-04-24,974,119,NA,NA,620,354,NA,1197260
Peru,PER,LIMA,15,14,PE-LIM,2020-04-24,14814,290,NA,NA,8235,6579,NA,9485405
Peru,PER,LORETO,16,15,PE-LOR,2020-04-24,708,29,NA,NA,610,98,NA,883510
Peru,PER,MADRE DE DIOS,17,16,PE-MDD,2020-04-24,80,0,NA,NA,13,67,NA,141070
Peru,PER,MOQUEGUA,18,17,PE-MOQ,2020-04-24,57,0,NA,NA,6,51,NA,174863
Peru,PER,PASCO,19,18,PE-PAS,2020-04-24,61,1,NA,NA,20,41,NA,254065
Peru,PER,PIURA,20,19,PE-PIU,2020-04-24,585,45,NA,NA,147,438,NA,1856809
Peru,PER,PUNO,21,20,PE-PUN,2020-04-24,34,0,NA,NA,6,28,NA,1172697
Peru,PER,SAN MARTIN,22,21,PE-SAM,2020-04-24,117,1,NA,NA,30,87,NA,813381
Peru,PER,TACNA,23,22,PE-TAC,2020-04-24,59,0,NA,NA,13,46,NA,329332
Peru,PER,TUMBES,24,23,PE-TUM,2020-04-24,234,19,NA,NA,72,162,NA,224863
Peru,PER,UCAYALI,25,25,PE-UCA,2020-04-24,226,11,NA,NA,16,210,NA,496459
Peru,PER,NA,NA,NA,NA,2020-04-24,21648,634,7496,176701,11432,10216,NA,NA
