"country","iso3c","region","date","confirmed","deaths","recovered","negative_cases","pcr_positivo","prueba_rapida_positivo","pcr_prapida_positivo"
"Peru","PER",,2020-03-06,1,,,154,,,
"Peru","PER",,2020-03-07,6,,,213,,,
"Peru","PER",,2020-03-09,9,,,309,,,
"Peru","PER",,2020-03-10,11,,,335,,,
"Peru","PER",,2020-03-11,17,,,697,,,
"Peru","PER",,2020-03-12,22,,,883,,,
"Peru","PER","Arequipa",2020-03-13,2,,,,,,
"Peru","PER","Cusco",2020-03-13,1,,,,,,
"Peru","PER","Huánuco",2020-03-13,2,,,,,,
"Peru","PER","Ica",2020-03-13,1,,,,,,
"Peru","PER","Lima",2020-03-13,32,,,,,,
"Peru","PER",,2020-03-13,38,,,1194,,,
"Peru","PER","Arequipa",2020-03-14,2,,,,,,
"Peru","PER","Cusco",2020-03-14,1,,,,,,
"Peru","PER","Huánuco",2020-03-14,2,,,,,,
"Peru","PER","Ica",2020-03-14,1,,,,,,
"Peru","PER","Lima",2020-03-14,37,,,,,,
"Peru","PER",,2020-03-14,43,,,1502,,,
"Peru","PER","Ancash",2020-03-15,1,,,,,,
"Peru","PER","Arequipa",2020-03-15,2,,,,,,
"Peru","PER","Callao",2020-03-15,2,,,,,,
"Peru","PER","Cusco",2020-03-15,1,,,,,,
"Peru","PER","Huánuco",2020-03-15,2,,,,,,
"Peru","PER","Ica",2020-03-15,1,,,,,,
"Peru","PER","La Libertad",2020-03-15,1,,,,,,
"Peru","PER","Lambayeque",2020-03-15,1,,,,,,
"Peru","PER","Lima",2020-03-15,58,,,,,,
"Peru","PER","Piura",2020-03-15,2,,,,,,
"Peru","PER",,2020-03-15,71,,,1751,,,
"Peru","PER","Ancash",2020-03-16,1,,,,,,
"Peru","PER","Arequipa",2020-03-16,2,,,,,,
"Peru","PER","Callao",2020-03-16,3,,,,,,
"Peru","PER","Cusco",2020-03-16,1,,,,,,
"Peru","PER","Huánuco",2020-03-16,2,,,,,,
"Peru","PER","Ica",2020-03-16,1,,,,,,
"Peru","PER","La Libertad",2020-03-16,1,,,,,,
"Peru","PER","Lambayeque",2020-03-16,3,,,,,,
"Peru","PER","Lima",2020-03-16,70,,1,,,,
"Peru","PER","Piura",2020-03-16,2,,,,,,
"Peru","PER",,2020-03-16,86,,1,2229,,,
"Peru","PER","Ancash",2020-03-17,1,,,,,,
"Peru","PER","Arequipa",2020-03-17,2,,,,,,
"Peru","PER","Callao",2020-03-17,4,,,,,,
"Peru","PER","Cusco",2020-03-17,1,,,,,,
"Peru","PER","Huánuco",2020-03-17,2,,,,,,
"Peru","PER","Ica",2020-03-17,1,,,,,,
"Peru","PER","La Libertad",2020-03-17,1,,,,,,
"Peru","PER","Lambayeque",2020-03-17,6,,,,,,
"Peru","PER","Lima",2020-03-17,96,,1,,,,
"Peru","PER","Loreto",2020-03-17,1,,,,,,
"Peru","PER","Piura",2020-03-17,2,,,,,,
"Peru","PER",,2020-03-17,117,,1,2680,,,
"Peru","PER","Ancash",2020-03-18,2,,,,,,
"Peru","PER","Arequipa",2020-03-18,2,,,,,,
"Peru","PER","Callao",2020-03-18,5,,,,,,
"Peru","PER","Cusco",2020-03-18,1,,,,,,
"Peru","PER","Huánuco",2020-03-18,2,,,,,,
"Peru","PER","Ica",2020-03-18,1,,,,,,
"Peru","PER","La Libertad",2020-03-18,2,,,,,,
"Peru","PER","Lambayeque",2020-03-18,6,,,,,,
"Peru","PER","Lima",2020-03-18,111,,1,,,,
"Peru","PER","Loreto",2020-03-18,10,,,,,,
"Peru","PER","Madre de Dios",2020-03-18,1,,,,,,
"Peru","PER","Piura",2020-03-18,2,,,,,,
"Peru","PER",,2020-03-18,145,,1,2930,,,
"Peru","PER","Ancash",2020-03-19,3,,,,,,
"Peru","PER","Arequipa",2020-03-19,3,,,,,,
"Peru","PER","Callao",2020-03-19,5,,,,,,
"Peru","PER","Cusco",2020-03-19,4,,,,,,
"Peru","PER","Huánuco",2020-03-19,2,,,,,,
"Peru","PER","Ica",2020-03-19,1,,,,,,
"Peru","PER","La Libertad",2020-03-19,2,,,,,,
"Peru","PER","Lambayeque",2020-03-19,6,,,,,,
"Peru","PER","Lima",2020-03-19,194,3,1,,,,
"Peru","PER","Loreto",2020-03-19,11,,,,,,
"Peru","PER","Madre de Dios",2020-03-19,1,,,,,,
"Peru","PER","Piura",2020-03-19,2,,,,,,
"Peru","PER",,2020-03-19,234,3,1,3607,,,
"Peru","PER","Ancash",2020-03-20,4,,,,,,
"Peru","PER","Arequipa",2020-03-20,3,,,,,,
"Peru","PER","Callao",2020-03-20,5,,,,,,
"Peru","PER","Cusco",2020-03-20,4,,,,,,
"Peru","PER","Huánuco",2020-03-20,2,,,,,,
"Peru","PER","Ica",2020-03-20,1,,,,,,
"Peru","PER","Junín",2020-03-20,9,,,,,,
"Peru","PER","La Libertad",2020-03-20,2,,,,,,
"Peru","PER","Lambayeque",2020-03-20,6,,,,,,
"Peru","PER","Lima",2020-03-20,212,4,1,,,,
"Peru","PER","Loreto",2020-03-20,12,,,,,,
"Peru","PER","Madre de Dios",2020-03-20,1,,,,,,
"Peru","PER","Piura",2020-03-20,2,,,,,,
"Peru","PER",,2020-03-20,263,4,1,4035,,,
"Peru","PER","Ancash",2020-03-21,4,,,,,,
"Peru","PER","Arequipa",2020-03-21,4,,,,,,
"Peru","PER","Callao",2020-03-21,6,,,,,,
"Peru","PER","Cusco",2020-03-21,4,,,,,,
"Peru","PER","Huánuco",2020-03-21,2,,,,,,
"Peru","PER","Ica",2020-03-21,1,,,,,,
"Peru","PER","Junín",2020-03-21,10,,,,,,
"Peru","PER","La Libertad",2020-03-21,5,,,,,,
"Peru","PER","Lambayeque",2020-03-21,8,,,,,,
"Peru","PER","Lima",2020-03-21,241,4,1,,,,
"Peru","PER","Loreto",2020-03-21,14,,,,,,
"Peru","PER","Madre de Dios",2020-03-21,1,,,,,,
"Peru","PER","Piura",2020-03-21,18,1,,,,,
"Peru","PER",,2020-03-21,318,5,1,5891,,,
"Peru","PER","Ancash",2020-03-22,4,,,,,,
"Peru","PER","Arequipa",2020-03-22,7,,,,,,
"Peru","PER","Callao",2020-03-22,6,,,,,,
"Peru","PER","Cusco",2020-03-22,4,,,,,,
"Peru","PER","Huánuco",2020-03-22,2,,,,,,
"Peru","PER","Ica",2020-03-22,1,,,,,,
"Peru","PER","Junín",2020-03-22,10,,,,,,
"Peru","PER","La Libertad",2020-03-22,5,,,,,,
"Peru","PER","Lambayeque",2020-03-22,8,,,,,,
"Peru","PER","Lima",2020-03-22,278,4,1,,,,
"Peru","PER","Loreto",2020-03-22,16,,,,,,
"Peru","PER","Madre de Dios",2020-03-22,1,,,,,,
"Peru","PER","Piura",2020-03-22,19,1,,,,,
"Peru","PER",,2020-03-22,361,5,1,5821,,,
"Peru","PER","Ancash",2020-03-23,4,,,,,,
"Peru","PER","Arequipa",2020-03-23,7,,,,,,
"Peru","PER","Callao",2020-03-23,8,,,,,,
"Peru","PER","Cusco",2020-03-23,6,,,,,,
"Peru","PER","Huánuco",2020-03-23,2,,,,,,
"Peru","PER","Ica",2020-03-23,2,,,,,,
"Peru","PER","Junín",2020-03-23,10,,,,,,
"Peru","PER","La Libertad",2020-03-23,4,,,,,,
"Peru","PER","Lambayeque",2020-03-23,8,,,,,,
"Peru","PER","Lima",2020-03-23,307,4,1,,,,
"Peru","PER","Loreto",2020-03-23,16,,,,,,
"Peru","PER","Madre de Dios",2020-03-23,1,,,,,,
"Peru","PER","Piura",2020-03-23,19,1,,,,,
"Peru","PER","San Martín",2020-03-23,1,,,,,,
"Peru","PER",,2020-03-23,395,5,1,6269,,,
"Peru","PER","Ancash",2020-03-24,4,,,,,,
"Peru","PER","Arequipa",2020-03-24,9,,,,,,
"Peru","PER","Callao",2020-03-24,8,,,,,,
"Peru","PER","Cusco",2020-03-24,6,,,,,,
"Peru","PER","Huánuco",2020-03-24,2,,,,,,
"Peru","PER","Ica",2020-03-24,2,,,,,,
"Peru","PER","Junín",2020-03-24,10,,,,,,
"Peru","PER","La Libertad",2020-03-24,5,1,,,,,
"Peru","PER","Lambayeque",2020-03-24,8,,,,,,
"Peru","PER","Lima",2020-03-24,322,5,1,,,,
"Peru","PER","Loreto",2020-03-24,16,,,,,,
"Peru","PER","Madre de Dios",2020-03-24,1,,,,,,
"Peru","PER","Piura",2020-03-24,19,1,,,,,
"Peru","PER","San Martín",2020-03-24,1,,,,,,
"Peru","PER","Tumbes",2020-03-24,3,,,,,,
"Peru","PER",,2020-03-24,416,7,1,6597,,,
"Peru","PER","Ancash",2020-03-25,5,,,,,,
"Peru","PER","Arequipa",2020-03-25,10,,,,,,
"Peru","PER","Cajamarca",2020-03-25,1,,,,,,
"Peru","PER","Callao",2020-03-25,10,,,,,,
"Peru","PER","Cusco",2020-03-25,10,1,,,,,
"Peru","PER","Huánuco",2020-03-25,2,,,,,,
"Peru","PER","Ica",2020-03-25,2,,,,,,
"Peru","PER","Junín",2020-03-25,11,,,,,,
"Peru","PER","La Libertad",2020-03-25,6,1,,,,,
"Peru","PER","Lambayeque",2020-03-25,12,,,,,,
"Peru","PER","Lima",2020-03-25,369,6,1,,,,
"Peru","PER","Loreto",2020-03-25,18,,,,,,
"Peru","PER","Madre de Dios",2020-03-25,1,,,,,,
"Peru","PER","Piura",2020-03-25,19,1,,,,,
"Peru","PER","San Martín",2020-03-25,1,,,,,,
"Peru","PER","Tumbes",2020-03-25,3,,,,,,
"Peru","PER",,2020-03-25,480,9,1,7560,,,
"Peru","PER","Ancash",2020-03-26,6,,,,,,
"Peru","PER","Arequipa",2020-03-26,15,,,,,,
"Peru","PER","Cajamarca",2020-03-26,1,,,,,,
"Peru","PER","Callao",2020-03-26,15,,,,,,
"Peru","PER","Cusco",2020-03-26,10,1,,,,,
"Peru","PER","Huánuco",2020-03-26,2,,,,,,
"Peru","PER","Ica",2020-03-26,3,,,,,,
"Peru","PER","Junín",2020-03-26,11,,,,,,
"Peru","PER","La Libertad",2020-03-26,9,1,,,,,
"Peru","PER","Lambayeque",2020-03-26,12,,,,,,
"Peru","PER","Lima",2020-03-26,453,6,1,,,,
"Peru","PER","Loreto",2020-03-26,18,,,,,,
"Peru","PER","Madre de Dios",2020-03-26,1,,,,,,
"Peru","PER","Piura",2020-03-26,20,1,,,,,
"Peru","PER","San Martín",2020-03-26,1,,,,,,
"Peru","PER","Tumbes",2020-03-26,3,,,,,,
"Peru","PER",,2020-03-26,580,9,14,8639,,,
"Peru","PER","Ancash",2020-03-27,6,,,,,,
"Peru","PER","Arequipa",2020-03-27,15,,,,,,
"Peru","PER","Cajamarca",2020-03-27,1,,,,,,
"Peru","PER","Callao",2020-03-27,17,,,,,,
"Peru","PER","Cusco",2020-03-27,10,1,,,,,
"Peru","PER","Huánuco",2020-03-27,4,,,,,,
"Peru","PER","Ica",2020-03-27,3,,,,,,
"Peru","PER","Junín",2020-03-27,12,,,,,,
"Peru","PER","La Libertad",2020-03-27,9,2,,,,,
"Peru","PER","Lambayeque",2020-03-27,13,,,,,,
"Peru","PER","Lima",2020-03-27,494,7,1,,,,
"Peru","PER","Loreto",2020-03-27,23,,,,,,
"Peru","PER","Madre de Dios",2020-03-27,1,,,,,,
"Peru","PER","Pasco",2020-03-27,1,,,,,,
"Peru","PER","Piura",2020-03-27,20,1,,,,,
"Peru","PER","San Martín",2020-03-27,1,,,,,,
"Peru","PER","Tumbes",2020-03-27,5,,,,,,
"Peru","PER",,2020-03-27,635,11,16,9430,,,
"Peru","PER","Ancash",2020-03-28,6,,,,,,
"Peru","PER","Arequipa",2020-03-28,15,,,,,,
"Peru","PER","Cajamarca",2020-03-28,1,,,,,,
"Peru","PER","Callao",2020-03-28,18,1,,,,,
"Peru","PER","Cusco",2020-03-28,11,2,5,,,,
"Peru","PER","Huánuco",2020-03-28,4,,,,,,
"Peru","PER","Ica",2020-03-28,4,,,,,,
"Peru","PER","Junín",2020-03-28,12,,,,,,
"Peru","PER","La Libertad",2020-03-28,10,2,,,,,
"Peru","PER","Lambayeque",2020-03-28,15,1,,,,,
"Peru","PER","Lima",2020-03-28,518,9,11,,,,
"Peru","PER","Loreto",2020-03-28,27,,,,,,
"Peru","PER","Madre de Dios",2020-03-28,1,,,,,,
"Peru","PER","Pasco",2020-03-28,1,,,,,,
"Peru","PER","Piura",2020-03-28,20,1,,,,,
"Peru","PER","San Martín",2020-03-28,2,,,,,,
"Peru","PER","Tumbes",2020-03-28,6,,,,,,
"Peru","PER",,2020-03-28,671,16,16,10225,,,
"Peru","PER","Ancash",2020-03-29,6,1,,,,,
"Peru","PER","Arequipa",2020-03-29,15,,,,,,
"Peru","PER","Ayacucho",2020-03-29,1,,,,,,
"Peru","PER","Cajamarca",2020-03-29,1,,,,,,
"Peru","PER","Callao",2020-03-29,29,1,,,,,
"Peru","PER","Cusco",2020-03-29,17,2,5,,,,
"Peru","PER","Huánuco",2020-03-29,4,,,,,,
"Peru","PER","Ica",2020-03-29,5,,,,,,
"Peru","PER","Junín",2020-03-29,13,,,,,,
"Peru","PER","La Libertad",2020-03-29,13,2,,,,,
"Peru","PER","Lambayeque",2020-03-29,22,1,,,,,
"Peru","PER","Lima",2020-03-29,639,10,11,,,,
"Peru","PER","Loreto",2020-03-29,52,,,,,,
"Peru","PER","Madre de Dios",2020-03-29,1,,,,,,
"Peru","PER","Pasco",2020-03-29,1,,,,,,
"Peru","PER","Piura",2020-03-29,21,1,,,,,
"Peru","PER","San Martín",2020-03-29,3,,,,,,
"Peru","PER","Tacna",2020-03-29,1,,,,,,
"Peru","PER","Tumbes",2020-03-29,8,,,,,,
"Peru","PER",,2020-03-29,852,18,16,11817,,,
"Peru","PER","Ancash",2020-03-30,11,1,,,,,
"Peru","PER","Arequipa",2020-03-30,21,,,,,,
"Peru","PER","Ayacucho",2020-03-30,1,,,,,,
"Peru","PER","Cajamarca",2020-03-30,1,,,,,,
"Peru","PER","Callao",2020-03-30,24,2,,,,,
"Peru","PER","Cusco",2020-03-30,25,2,,,,,
"Peru","PER","Huánuco",2020-03-30,4,,,,,,
"Peru","PER","Ica",2020-03-30,5,,,,,,
"Peru","PER","Junín",2020-03-30,13,,,,,,
"Peru","PER","La Libertad",2020-03-30,15,2,,,,,
"Peru","PER","Lambayeque",2020-03-30,22,1,,,,,
"Peru","PER","Lima",2020-03-30,718,13,11,,,,
"Peru","PER","Loreto",2020-03-30,53,2,,,,,
"Peru","PER","Madre de Dios",2020-03-30,1,,,,,,
"Peru","PER","Pasco",2020-03-30,1,,,,,,
"Peru","PER","Piura",2020-03-30,21,1,,,,,
"Peru","PER","San Martín",2020-03-30,5,,,,,,
"Peru","PER","Tacna",2020-03-30,1,,,,,,
"Peru","PER","Tumbes",2020-03-30,8,,,,,,
"Peru","PER",,2020-03-30,950,24,269,12502,,,
"Peru","PER","Ancash",2020-03-31,11,1,,,,,
"Peru","PER","Arequipa",2020-03-31,26,,,,,,
"Peru","PER","Ayacucho",2020-03-31,1,,,,,,
"Peru","PER","Cajamarca",2020-03-31,1,,,,,,
"Peru","PER","Callao",2020-03-31,25,3,,,,,
"Peru","PER","Cusco",2020-03-31,26,2,,,,,
"Peru","PER","Huánuco",2020-03-31,6,,,,,,
"Peru","PER","Ica",2020-03-31,5,,,,,,
"Peru","PER","Junín",2020-03-31,17,,,,,,
"Peru","PER","La Libertad",2020-03-31,19,2,,,,,
"Peru","PER","Lambayeque",2020-03-31,30,1,,,,,
"Peru","PER","Lima",2020-03-31,799,16,11,,,,
"Peru","PER","Loreto",2020-03-31,58,2,,,,,
"Peru","PER","Madre de Dios",2020-03-31,1,,,,,,
"Peru","PER","Pasco",2020-03-31,1,,,,,,
"Peru","PER","Piura",2020-03-31,21,1,,,,,
"Peru","PER","San Martín",2020-03-31,6,1,,,,,
"Peru","PER","Tacna",2020-03-31,2,,,,,,
"Peru","PER","Tumbes",2020-03-31,10,1,,,,,
"Peru","PER",,2020-03-31,1065,30,394,13398,,,
"Peru","PER","Ancash",2020-04-01,15,1,,,,,
"Peru","PER","Arequipa",2020-04-01,30,1,,,,,
"Peru","PER","Ayacucho",2020-04-01,1,,,,,,
"Peru","PER","Cajamarca",2020-04-01,2,,,,,,
"Peru","PER","Callao",2020-04-01,37,4,,,,,
"Peru","PER","Cusco",2020-04-01,34,2,,,,,
"Peru","PER","Huancavelica",2020-04-01,1,,,,,,
"Peru","PER","Huánuco",2020-04-01,6,,,,,,
"Peru","PER","Ica",2020-04-01,8,,,,,,
"Peru","PER","Junín",2020-04-01,17,,,,,,
"Peru","PER","La Libertad",2020-04-01,32,3,,,,,
"Peru","PER","Lambayeque",2020-04-01,34,3,,,,,
"Peru","PER","Lima",2020-04-01,990,28,11,,,,
"Peru","PER","Loreto",2020-04-01,66,2,,,,,
"Peru","PER","Madre de Dios",2020-04-01,1,,,,,,
"Peru","PER","Pasco",2020-04-01,1,,,,,,
"Peru","PER","Piura",2020-04-01,26,1,,,,,
"Peru","PER","San Martín",2020-04-01,6,1,,,,,
"Peru","PER","Tacna",2020-04-01,3,,,,,,
"Peru","PER","Tumbes",2020-04-01,13,1,,,,,
"Peru","PER",,2020-04-01,1323,47,447,14264,,,
"Peru","PER","Ancash",2020-04-02,15,1,,,,,
"Peru","PER","Arequipa",2020-04-02,30,1,,,,,
"Peru","PER","Ayacucho",2020-04-02,1,,,,,,
"Peru","PER","Cajamarca",2020-04-02,3,,,,,,
"Peru","PER","Callao",2020-04-02,40,4,,,,,
"Peru","PER","Cusco",2020-04-02,38,2,,,,,
"Peru","PER","Huancavelica",2020-04-02,1,,,,,,
"Peru","PER","Huánuco",2020-04-02,6,,,,,,
"Peru","PER","Ica",2020-04-02,8,,,,,,
"Peru","PER","Junín",2020-04-02,17,1,,,,,
"Peru","PER","La Libertad",2020-04-02,34,3,,,,,
"Peru","PER","Lambayeque",2020-04-02,37,3,,,,,
"Peru","PER","Lima",2020-04-02,1059,34,11,,,,
"Peru","PER","Loreto",2020-04-02,72,2,,,,,
"Peru","PER","Madre de Dios",2020-04-02,1,,,,,,
"Peru","PER","Pasco",2020-04-02,1,,,,,,
"Peru","PER","Piura",2020-04-02,27,1,,,,,
"Peru","PER","San Martín",2020-04-02,6,1,,,,,
"Peru","PER","Tacna",2020-04-02,3,,,,,,
"Peru","PER","Tumbes",2020-04-02,15,2,,,,,
"Peru","PER",,2020-04-02,1414,55,537,15104,,,
"Peru","PER","Ancash",2020-04-03,18,1,,,,,
"Peru","PER","Apurimac",2020-04-03,1,,,,,,
"Peru","PER","Arequipa",2020-04-03,37,1,,,,,
"Peru","PER","Ayacucho",2020-04-03,1,,,,,,
"Peru","PER","Cajamarca",2020-04-03,4,,,,,,
"Peru","PER","Callao",2020-04-03,59,4,,,,,
"Peru","PER","Cusco",2020-04-03,44,3,,,,,
"Peru","PER","Huancavelica",2020-04-03,1,,,,,,
"Peru","PER","Huánuco",2020-04-03,6,,,,,,
"Peru","PER","Ica",2020-04-03,8,,,,,,
"Peru","PER","Junín",2020-04-03,19,1,,,,,
"Peru","PER","La Libertad",2020-04-03,44,4,,,,,
"Peru","PER","Lambayeque",2020-04-03,35,2,,,,,
"Peru","PER","Lima",2020-04-03,1179,39,11,,,,
"Peru","PER","Loreto",2020-04-03,84,2,,,,,
"Peru","PER","Madre de Dios",2020-04-03,2,,,,,,
"Peru","PER","Pasco",2020-04-03,1,,,,,,
"Peru","PER","Piura",2020-04-03,27,1,,,,,
"Peru","PER","San Martín",2020-04-03,6,1,,,,,
"Peru","PER","Tacna",2020-04-03,3,,,,,,
"Peru","PER","Tumbes",2020-04-03,16,2,,,,,
"Peru","PER",,2020-04-03,1595,61,627,15739,,,
"Peru","PER","Ancash",2020-04-04,18,1,,,,,
"Peru","PER","Apurimac",2020-04-04,1,,,,,,
"Peru","PER","Arequipa",2020-04-04,37,2,,,,,
"Peru","PER","Ayacucho",2020-04-04,1,,,,,,
"Peru","PER","Cajamarca",2020-04-04,6,,,,,,
"Peru","PER","Callao",2020-04-04,64,5,,,,,
"Peru","PER","Cusco",2020-04-04,48,3,,,,,
"Peru","PER","Huancavelica",2020-04-04,1,,,,,,
"Peru","PER","Huánuco",2020-04-04,6,,,,,,
"Peru","PER","Ica",2020-04-04,9,1,,,,,
"Peru","PER","Junín",2020-04-04,25,1,,,,,
"Peru","PER","La Libertad",2020-04-04,50,4,,,,,
"Peru","PER","Lambayeque",2020-04-04,55,3,,,,,
"Peru","PER","Lima",2020-04-04,1257,46,11,,,,
"Peru","PER","Loreto",2020-04-04,106,2,,,,,
"Peru","PER","Madre de Dios",2020-04-04,2,,,,,,
"Peru","PER","Pasco",2020-04-04,2,,,,,,
"Peru","PER","Piura",2020-04-04,27,1,,,,,
"Peru","PER","San Martín",2020-04-04,8,1,,,,,
"Peru","PER","Tacna",2020-04-04,3,,,,,,
"Peru","PER","Tumbes",2020-04-04,20,3,,,,,
"Peru","PER",,2020-04-04,1746,73,914,16095,,,
"Peru","PER","Ancash",2020-04-05,23,1,,,,,
"Peru","PER","Apurimac",2020-04-05,1,,,,,,
"Peru","PER","Arequipa",2020-04-05,51,3,,,,,
"Peru","PER","Ayacucho",2020-04-05,3,,,,,,
"Peru","PER","Cajamarca",2020-04-05,6,,,,,,
"Peru","PER","Callao",2020-04-05,89,8,,,,,
"Peru","PER","Cusco",2020-04-05,52,3,,,,,
"Peru","PER","Huancavelica",2020-04-05,1,1,,,,,
"Peru","PER","Huánuco",2020-04-05,6,,,,,,
"Peru","PER","Ica",2020-04-05,14,1,,,,,
"Peru","PER","Junín",2020-04-05,25,1,,,,,
"Peru","PER","La Libertad",2020-04-05,50,4,,,,,
"Peru","PER","Lambayeque",2020-04-05,100,3,,,,,
"Peru","PER","Lima",2020-04-05,1639,51,11,,,,
"Peru","PER","Loreto",2020-04-05,143,2,,,,,
"Peru","PER","Madre de Dios",2020-04-05,2,,,,,,
"Peru","PER","Moquegua",2020-04-05,1,,,,,,
"Peru","PER","Pasco",2020-04-05,3,,,,,,
"Peru","PER","Piura",2020-04-05,29,1,,,,,
"Peru","PER","San Martín",2020-04-05,8,1,,,,,
"Peru","PER","Tacna",2020-04-05,9,,,,,,
"Peru","PER","Tumbes",2020-04-05,26,3,,,,,
"Peru","PER",,2020-04-05,2281,83,989,17129,,,
"Peru","PER","Ancash",2020-04-06,27,1,,,,,
"Peru","PER","Apurimac",2020-04-06,1,,,,,,
"Peru","PER","Arequipa",2020-04-06,60,4,,,,,
"Peru","PER","Ayacucho",2020-04-06,5,,,,,,
"Peru","PER","Cajamarca",2020-04-06,6,,,,,,
"Peru","PER","Callao",2020-04-06,109,8,,,,,
"Peru","PER","Cusco",2020-04-06,54,3,,,,,
"Peru","PER","Huancavelica",2020-04-06,2,1,,,,,
"Peru","PER","Huánuco",2020-04-06,6,,,,,,
"Peru","PER","Ica",2020-04-06,18,1,,,,,
"Peru","PER","Junín",2020-04-06,28,1,,,,,
"Peru","PER","La Libertad",2020-04-06,56,5,,,,,
"Peru","PER","Lambayeque",2020-04-06,100,3,,,,,
"Peru","PER","Lima",2020-04-06,1837,58,11,,,,
"Peru","PER","Loreto",2020-04-06,171,2,,,,,
"Peru","PER","Madre de Dios",2020-04-06,2,,,,,,
"Peru","PER","Moquegua",2020-04-06,1,,,,,,
"Peru","PER","Pasco",2020-04-06,5,,,,,,
"Peru","PER","Piura",2020-04-06,30,1,,,,,
"Peru","PER","San Martín",2020-04-06,8,1,,,,,
"Peru","PER","Tacna",2020-04-06,9,,,,,,
"Peru","PER","Tumbes",2020-04-06,26,3,,,,,
"Peru","PER",,2020-04-06,2561,92,997,17853,,,
"Peru","PER","Ancash",2020-04-07,36,1,,,,,
"Peru","PER","Apurimac",2020-04-07,1,,,,,,
"Peru","PER","Arequipa",2020-04-07,66,4,,,,,
"Peru","PER","Ayacucho",2020-04-07,5,,,,,,
"Peru","PER","Cajamarca",2020-04-07,6,,,,,,
"Peru","PER","Callao",2020-04-07,161,10,,,,,
"Peru","PER","Cusco",2020-04-07,54,3,,,,,
"Peru","PER","Huancavelica",2020-04-07,7,1,,,,,
"Peru","PER","Huánuco",2020-04-07,6,,,,,,
"Peru","PER","Ica",2020-04-07,24,2,,,,,
"Peru","PER","Junín",2020-04-07,28,1,,,,,
"Peru","PER","La Libertad",2020-04-07,58,5,,,,,
"Peru","PER","Lambayeque",2020-04-07,108,4,,,,,
"Peru","PER","Lima",2020-04-07,2100,65,11,,,,
"Peru","PER","Loreto",2020-04-07,206,3,,,,,
"Peru","PER","Madre de Dios",2020-04-07,2,,,,,,
"Peru","PER","Moquegua",2020-04-07,1,,,,,,
"Peru","PER","Pasco",2020-04-07,5,,,,,,
"Peru","PER","Piura",2020-04-07,35,3,,,,,
"Peru","PER","Puno",2020-04-07,1,,,,,,
"Peru","PER","San Martín",2020-04-07,8,1,,,,,
"Peru","PER","Tacna",2020-04-07,9,,,,,,
"Peru","PER","Tumbes",2020-04-07,27,4,,,,,
"Peru","PER",,2020-04-07,2954,107,1231,18601,,,
"Peru","PER","Amazonas",2020-04-08,11,,,,2,9,
"Peru","PER","Ancash",2020-04-08,50,4,,,67,7,
"Peru","PER","Apurimac",2020-04-08,1,,,,1,,
"Peru","PER","Arequipa",2020-04-08,74,5,,,72,10,
"Peru","PER","Ayacucho",2020-04-08,5,,,,5,,
"Peru","PER","Cajamarca",2020-04-08,10,,,,8,2,
"Peru","PER","Callao",2020-04-08,320,2,,,28,,
"Peru","PER","Cusco",2020-04-08,54,3,,,54,,
"Peru","PER","Huancavelica",2020-04-08,7,1,,,7,,
"Peru","PER","Huánuco",2020-04-08,7,,,,7,,
"Peru","PER","Ica",2020-04-08,28,3,,,40,1,
"Peru","PER","Junín",2020-04-08,42,3,,,48,2,
"Peru","PER","La Libertad",2020-04-08,82,5,,,243,3,
"Peru","PER","Lambayeque",2020-04-08,246,4,,,289,1,
"Peru","PER","Lima",2020-04-08,3016,72,11,,2481,535,
"Peru","PER","Loreto",2020-04-08,290,13,,,165,155,
"Peru","PER","Madre de Dios",2020-04-08,2,,,,2,,
"Peru","PER","Moquegua",2020-04-08,3,,,,1,2,
"Peru","PER","Pasco",2020-04-08,5,,,,5,,
"Peru","PER","Piura",2020-04-08,41,1,,,41,1,
"Peru","PER","Puno",2020-04-08,1,,,,1,,
"Peru","PER","San Martín",2020-04-08,11,1,,,11,,
"Peru","PER","Tacna",2020-04-08,9,,,,9,,
"Peru","PER","Tumbes",2020-04-08,27,4,,,27,,
"Peru","PER",,2020-04-08,4342,121,1333,35257,3614,728,
"Peru","PER","Amazonas",2020-04-09,10,,,,2,8,
"Peru","PER","Ancash",2020-04-09,57,4,,,54,3,
"Peru","PER","Apurimac",2020-04-09,1,,,,1,,
"Peru","PER","Arequipa",2020-04-09,77,4,,,69,8,
"Peru","PER","Ayacucho",2020-04-09,7,,,,7,,
"Peru","PER","Cajamarca",2020-04-09,11,,,,8,3,
"Peru","PER","Callao",2020-04-09,413,16,,,212,201,
"Peru","PER","Cusco",2020-04-09,55,3,,,55,,
"Peru","PER","Huancavelica",2020-04-09,7,1,,,7,,
"Peru","PER","Huánuco",2020-04-09,9,,,,7,2,
"Peru","PER","Ica",2020-04-09,34,2,,,34,,
"Peru","PER","Junín",2020-04-09,42,1,,,41,1,
"Peru","PER","La Libertad",2020-04-09,96,6,,,83,13,
"Peru","PER","Lambayeque",2020-04-09,302,6,,,294,8,
"Peru","PER","Lima",2020-04-09,3704,82,11,,2822,882,
"Peru","PER","Loreto",2020-04-09,315,5,,,314,1,
"Peru","PER","Madre de Dios",2020-04-09,3,,,,3,,
"Peru","PER","Moquegua",2020-04-09,3,,,,1,2,
"Peru","PER","Pasco",2020-04-09,5,,,,5,,
"Peru","PER","Piura",2020-04-09,53,3,,,50,3,
"Peru","PER","Puno",2020-04-09,1,,,,1,,
"Peru","PER","San Martín",2020-04-09,15,1,,,15,,
"Peru","PER","Tacna",2020-04-09,9,,,,9,,
"Peru","PER","Tumbes",2020-04-09,27,4,,,27,,
"Peru","PER",,2020-04-09,5256,138,1438,43209,4121,1135,
"Peru","PER","Amazonas",2020-04-10,16,,,,7,9,
"Peru","PER","Ancash",2020-04-10,67,4,,,61,6,
"Peru","PER","Apurimac",2020-04-10,3,,,,2,1,
"Peru","PER","Arequipa",2020-04-10,83,4,,,75,8,
"Peru","PER","Ayacucho",2020-04-10,9,,,,9,,
"Peru","PER","Cajamarca",2020-04-10,11,,,,8,3,
"Peru","PER","Callao",2020-04-10,465,16,,,250,215,
"Peru","PER","Cusco",2020-04-10,57,3,,,57,,
"Peru","PER","Huancavelica",2020-04-10,7,1,,,7,,
"Peru","PER","Huánuco",2020-04-10,9,,,,7,2,
"Peru","PER","Ica",2020-04-10,37,2,,,37,,
"Peru","PER","Junín",2020-04-10,56,1,,,55,1,
"Peru","PER","La Libertad",2020-04-10,101,6,,,87,14,
"Peru","PER","Lambayeque",2020-04-10,302,32,,,294,8,
"Peru","PER","Lima",2020-04-10,4210,87,,,3148,1062,
"Peru","PER","Loreto",2020-04-10,315,5,,,314,1,
"Peru","PER","Madre de Dios",2020-04-10,3,,,,3,,
"Peru","PER","Moquegua",2020-04-10,3,,,,1,2,
"Peru","PER","Pasco",2020-04-10,8,,,,8,,
"Peru","PER","Piura",2020-04-10,68,3,,,64,4,
"Peru","PER","Puno",2020-04-10,1,,,,1,,
"Peru","PER","San Martín",2020-04-10,18,1,,,18,,
"Peru","PER","Tacna",2020-04-10,9,,,,9,,
"Peru","PER","Tumbes",2020-04-10,27,4,,,27,,
"Peru","PER","Ucayali",2020-04-10,12,,,,,12,
"Peru","PER",,2020-04-10,5897,169,1569,50784,4549,1348,
"Peru","PER","Amazonas",2020-04-11,22,,,,7,15,
"Peru","PER","Ancash",2020-04-11,88,5,,,73,15,
"Peru","PER","Apurimac",2020-04-11,3,,,,2,1,
"Peru","PER","Arequipa",2020-04-11,85,4,,,75,10,
"Peru","PER","Ayacucho",2020-04-11,13,,,,11,2,
"Peru","PER","Cajamarca",2020-04-11,11,,,,8,3,
"Peru","PER","Callao",2020-04-11,541,16,,,319,222,
"Peru","PER","Cusco",2020-04-11,58,3,,,57,1,
"Peru","PER","Huancavelica",2020-04-11,7,1,,,7,,
"Peru","PER","Huánuco",2020-04-11,9,,,,7,2,
"Peru","PER","Ica",2020-04-11,47,2,,,47,,
"Peru","PER","Junín",2020-04-11,58,1,,,56,2,
"Peru","PER","La Libertad",2020-04-11,108,6,,,90,18,
"Peru","PER","Lambayeque",2020-04-11,326,33,,,316,10,
"Peru","PER","Lima",2020-04-11,4933,94,,,3688,1245,
"Peru","PER","Loreto",2020-04-11,315,6,,,314,1,
"Peru","PER","Madre de Dios",2020-04-11,4,,,,3,1,
"Peru","PER","Moquegua",2020-04-11,8,,,,1,7,
"Peru","PER","Pasco",2020-04-11,9,,,,9,,
"Peru","PER","Piura",2020-04-11,91,5,,,86,5,
"Peru","PER","Puno",2020-04-11,1,,,,1,,
"Peru","PER","San Martín",2020-04-11,20,1,,,20,,
"Peru","PER","Tacna",2020-04-11,9,,,,9,,
"Peru","PER","Tumbes",2020-04-11,68,4,,,54,14,
"Peru","PER","Ucayali",2020-04-11,14,,,,1,13,
"Peru","PER",,2020-04-11,6848,181,1739,58864,5261,1587,
"Peru","PER","Amazonas",2020-04-12,19,,,,4,12,3
"Peru","PER","Ancash",2020-04-12,102,,,,81,14,7
"Peru","PER","Apurimac",2020-04-12,5,,,,4,1,
"Peru","PER","Arequipa",2020-04-12,86,,,,75,10,1
"Peru","PER","Ayacucho",2020-04-12,11,,,,7,2,2
"Peru","PER","Cajamarca",2020-04-12,11,,,,7,2,2
"Peru","PER","Callao",2020-04-12,596,,,,346,245,5
"Peru","PER","Cusco",2020-04-12,59,,,,58,1,
"Peru","PER","Huancavelica",2020-04-12,9,,,,9,,
"Peru","PER","Huánuco",2020-04-12,10,,,,7,3,
"Peru","PER","Ica",2020-04-12,58,,,,56,2,
"Peru","PER","Junín",2020-04-12,64,,,,62,2,
"Peru","PER","La Libertad",2020-04-12,110,,,,90,20,
"Peru","PER","Lambayeque",2020-04-12,355,,,,344,8,3
"Peru","PER","Lima",2020-04-12,5456,,,,3921,1379,156
"Peru","PER","Loreto",2020-04-12,322,,,,319,3,
"Peru","PER","Madre de Dios",2020-04-12,3,,,,2,,1
"Peru","PER","Moquegua",2020-04-12,10,,,,2,8,
"Peru","PER","Pasco",2020-04-12,11,,,,11,,
"Peru","PER","Piura",2020-04-12,104,,,,89,14,1
"Peru","PER","Puno",2020-04-12,2,,,,2,,
"Peru","PER","San Martín",2020-04-12,23,,,,22,1,
"Peru","PER","Tacna",2020-04-12,9,,,,9,,
"Peru","PER","Tumbes",2020-04-12,69,,,,55,11,3
"Peru","PER","Ucayali",2020-04-12,15,,,,1,14,
"Peru","PER",,2020-04-12,7519,193,1798,68987,5583,1752,184
"Peru","PER","Amazonas",2020-04-13,25,,,,,,
"Peru","PER","Ancash",2020-04-13,110,,,,,,
"Peru","PER","Apurimac",2020-04-13,5,,,,,,
"Peru","PER","Arequipa",2020-04-13,98,,,,,,
"Peru","PER","Ayacucho",2020-04-13,11,,,,,,
"Peru","PER","Cajamarca",2020-04-13,11,,,,,,
"Peru","PER","Callao",2020-04-13,733,,,,,,
"Peru","PER","Cusco",2020-04-13,59,,,,,,
"Peru","PER","Huancavelica",2020-04-13,10,,,,,,
"Peru","PER","Huánuco",2020-04-13,15,,,,,,
"Peru","PER","Ica",2020-04-13,58,,,,,,
"Peru","PER","Junín",2020-04-13,68,,,,,,
"Peru","PER","La Libertad",2020-04-13,115,,,,,,
"Peru","PER","Lambayeque",2020-04-13,392,,,,,,
"Peru","PER","Lima",2020-04-13,7458,,,,,,
"Peru","PER","Loreto",2020-04-13,340,,,,,,
"Peru","PER","Madre de Dios",2020-04-13,10,,,,,,
"Peru","PER","Moquegua",2020-04-13,12,,,,,,
"Peru","PER","Pasco",2020-04-13,11,,,,,,
"Peru","PER","Piura",2020-04-13,120,,,,,,
"Peru","PER","Puno",2020-04-13,2,,,,,,
"Peru","PER","San Martín",2020-04-13,23,,,,,,
"Peru","PER","Tacna",2020-04-13,9,,,,,,
"Peru","PER","Tumbes",2020-04-13,72,,,,,,
"Peru","PER","Ucayali",2020-04-13,17,,,,,,
"Peru","PER",,2020-04-13,9784,216,2642,77382,,,
"Peru","PER","Amazonas",2020-04-14,25,,,,10,11,4
"Peru","PER","Ancash",2020-04-14,124,5,,,85,31,8
"Peru","PER","Apurimac",2020-04-14,10,,,,4,6,
"Peru","PER","Arequipa",2020-04-14,99,5,,,88,10,1
"Peru","PER","Ayacucho",2020-04-14,15,,,,7,5,3
"Peru","PER","Cajamarca",2020-04-14,19,,,,6,10,3
"Peru","PER","Callao",2020-04-14,908,20,,,393,509,6
"Peru","PER","Cusco",2020-04-14,106,3,,,59,47,
"Peru","PER","Huancavelica",2020-04-14,10,1,,,10,,
"Peru","PER","Huánuco",2020-04-14,15,,,,7,8,
"Peru","PER","Ica",2020-04-14,76,2,,,72,4,
"Peru","PER","Junín",2020-04-14,68,1,,,66,2,
"Peru","PER","La Libertad",2020-04-14,166,7,,,96,70,
"Peru","PER","Lambayeque",2020-04-14,427,44,,,377,47,3
"Peru","PER","Lima",2020-04-14,7476,114,,,4465,2813,198
"Peru","PER","Loreto",2020-04-14,357,9,,,354,3,
"Peru","PER","Madre de Dios",2020-04-14,19,,,,2,16,1
"Peru","PER","Moquegua",2020-04-14,13,,,,3,10,
"Peru","PER","Pasco",2020-04-14,11,,,,11,,
"Peru","PER","Piura",2020-04-14,224,14,,,92,131,1
"Peru","PER","Puno",2020-04-14,2,,,,2,,
"Peru","PER","San Martín",2020-04-14,23,1,,,22,1,
"Peru","PER","Tacna",2020-04-14,9,,,,9,,
"Peru","PER","Tumbes",2020-04-14,69,4,,,55,11,3
"Peru","PER","Ucayali",2020-04-14,32,,,,1,31,
"Peru","PER",,2020-04-14,10303,230,2869,91913,6296,3776,231
"Peru","PER","Amazonas",2020-04-15,25,,,,17,8,
"Peru","PER","Ancash",2020-04-15,144,5,,,101,43,
"Peru","PER","Apurimac",2020-04-15,20,,,,9,11,
"Peru","PER","Arequipa",2020-04-15,98,5,,,88,10,
"Peru","PER","Ayacucho",2020-04-15,22,,,,10,12,
"Peru","PER","Cajamarca",2020-04-15,20,1,,,9,11,
"Peru","PER","Callao",2020-04-15,939,24,,,430,509,
"Peru","PER","Cusco",2020-04-15,108,3,,,60,48,
"Peru","PER","Huancavelica",2020-04-15,11,1,,,11,,
"Peru","PER","Huánuco",2020-04-15,39,,,,7,32,
"Peru","PER","Ica",2020-04-15,101,2,,,78,23,
"Peru","PER","Junín",2020-04-15,79,1,,,77,2,
"Peru","PER","La Libertad",2020-04-15,184,7,,,114,70,
"Peru","PER","Lambayeque",2020-04-15,428,53,,,381,47,
"Peru","PER","Lima",2020-04-15,8412,117,,,4826,3586,
"Peru","PER","Loreto",2020-04-15,396,10,,,376,20,
"Peru","PER","Madre de Dios",2020-04-15,19,,,,3,16,
"Peru","PER","Moquegua",2020-04-15,16,,,,3,13,
"Peru","PER","Pasco",2020-04-15,11,,,,11,,
"Peru","PER","Piura",2020-04-15,229,14,,,98,131,
"Peru","PER","Puno",2020-04-15,2,,,,2,,
"Peru","PER","San Martín",2020-04-15,48,1,,,28,20,
"Peru","PER","Tacna",2020-04-15,10,,,,9,1,
"Peru","PER","Tumbes",2020-04-15,82,10,,,71,11,
"Peru","PER","Ucayali",2020-04-15,32,,,,1,31,
"Peru","PER",,2020-04-15,11475,254,3108,97910,6820,4655,
"Peru","PER","Amazonas",2020-04-16,23,,,,17,6,
"Peru","PER","Ancash",2020-04-16,171,5,,,114,57,
"Peru","PER","Apurimac",2020-04-16,22,,,,9,13,
"Peru","PER","Arequipa",2020-04-16,111,5,,,100,11,
"Peru","PER","Ayacucho",2020-04-16,23,,,,10,13,
"Peru","PER","Cajamarca",2020-04-16,22,1,,,9,13,
"Peru","PER","Callao",2020-04-16,1008,27,,,454,554,
"Peru","PER","Cusco",2020-04-16,109,3,,,60,49,
"Peru","PER","Huancavelica",2020-04-16,11,1,,,11,,
"Peru","PER","Huánuco",2020-04-16,42,,,,7,35,
"Peru","PER","Ica",2020-04-16,106,2,,,81,25,
"Peru","PER","Junín",2020-04-16,79,1,,,77,2,
"Peru","PER","La Libertad",2020-04-16,193,9,,,123,70,
"Peru","PER","Lambayeque",2020-04-16,571,54,,,522,49,
"Peru","PER","Lima",2020-04-16,9107,129,,,5050,4057,
"Peru","PER","Loreto",2020-04-16,412,10,,,388,24,
"Peru","PER","Madre de Dios",2020-04-16,19,,,,3,16,
"Peru","PER","Moquegua",2020-04-16,21,,,,3,18,
"Peru","PER","Pasco",2020-04-16,11,,,,11,,
"Peru","PER","Piura",2020-04-16,233,14,,,100,133,
"Peru","PER","Puno",2020-04-16,2,,,,2,,
"Peru","PER","San Martín",2020-04-16,47,1,,,28,19,
"Peru","PER","Tacna",2020-04-16,14,,,,9,5,
"Peru","PER","Tumbes",2020-04-16,85,10,,,71,14,
"Peru","PER","Ucayali",2020-04-16,49,2,,,7,42,
"Peru","PER",,2020-04-16,12491,274,6120,108977,7266,5225,
"Peru","PER","Amazonas",2020-04-17,46,,,,17,29,
"Peru","PER","Ancash",2020-04-17,189,13,,,122,67,
"Peru","PER","Apurimac",2020-04-17,32,,,,9,23,
"Peru","PER","Arequipa",2020-04-17,134,5,,,107,27,
"Peru","PER","Ayacucho",2020-04-17,23,,,,10,13,
"Peru","PER","Cajamarca",2020-04-17,38,2,,,9,29,
"Peru","PER","Callao",2020-04-17,1080,27,,,495,585,
"Peru","PER","Cusco",2020-04-17,112,3,,,62,50,
"Peru","PER","Huancavelica",2020-04-17,17,1,,,13,4,
"Peru","PER","Huánuco",2020-04-17,45,,,,7,38,
"Peru","PER","Ica",2020-04-17,119,2,,,91,28,
"Peru","PER","Junín",2020-04-17,101,1,,,88,13,
"Peru","PER","La Libertad",2020-04-17,194,16,,,124,70,
"Peru","PER","Lambayeque",2020-04-17,600,63,,,523,77,
"Peru","PER","Lima",2020-04-17,9793,129,,,5390,4403,
"Peru","PER","Loreto",2020-04-17,431,10,,,388,43,
"Peru","PER","Madre de Dios",2020-04-17,21,,,,9,12,
"Peru","PER","Moquegua",2020-04-17,24,,,,5,19,
"Peru","PER","Pasco",2020-04-17,13,,,,12,1,
"Peru","PER","Piura",2020-04-17,264,15,,,104,160,
"Peru","PER","Puno",2020-04-17,2,,,,2,,
"Peru","PER","San Martín",2020-04-17,49,1,,,28,21,
"Peru","PER","Tacna",2020-04-17,20,,,,10,10,
"Peru","PER","Tumbes",2020-04-17,86,10,,,71,15,
"Peru","PER","Ucayali",2020-04-17,56,2,,,7,49,
"Peru","PER",,2020-04-17,13489,300,6541,114024,7703,5786,
"Peru","PER","Amazonas",2020-04-18,51,,,,17,34,
"Peru","PER","Ancash",2020-04-18,217,13,,,134,83,
"Peru","PER","Apurimac",2020-04-18,35,,,,9,26,
"Peru","PER","Arequipa",2020-04-18,146,5,,,107,39,
"Peru","PER","Ayacucho",2020-04-18,29,,,,10,19,
"Peru","PER","Cajamarca",2020-04-18,52,2,,,10,42,
"Peru","PER","Callao",2020-04-18,1180,34,,,540,640,
"Peru","PER","Cusco",2020-04-18,123,3,,,63,60,
"Peru","PER","Huancavelica",2020-04-18,18,1,,,13,5,
"Peru","PER","Huánuco",2020-04-18,64,,,,8,56,
"Peru","PER","Ica",2020-04-18,124,6,,,95,29,
"Peru","PER","Junín",2020-04-18,130,1,,,99,31,
"Peru","PER","La Libertad",2020-04-18,211,16,,,132,79,
"Peru","PER","Lambayeque",2020-04-18,642,75,,,537,105,
"Peru","PER","Lima",2020-04-18,10234,144,,,5512,4722,
"Peru","PER","Loreto",2020-04-18,485,10,,,443,42,
"Peru","PER","Madre de Dios",2020-04-18,21,,,,9,12,
"Peru","PER","Moquegua",2020-04-18,28,,,,5,23,
"Peru","PER","Pasco",2020-04-18,13,,,,12,1,
"Peru","PER","Piura",2020-04-18,344,24,,,108,236,
"Peru","PER","Puno",2020-04-18,5,,,,3,2,
"Peru","PER","San Martín",2020-04-18,81,1,,,28,53,
"Peru","PER","Tacna",2020-04-18,28,,,,10,18,
"Peru","PER","Tumbes",2020-04-18,86,10,,,71,15,
"Peru","PER","Ucayali",2020-04-18,73,3,,,8,65,
"Peru","PER",,2020-04-18,14420,348,6684,121475,7983,6437,
"Peru","PER","Amazonas",2020-04-19,51,,,,17,34,
"Peru","PER","Ancash",2020-04-19,251,16,,,141,110,
"Peru","PER","Apurimac",2020-04-19,35,,,,9,26,
"Peru","PER","Arequipa",2020-04-19,192,5,,,107,85,
"Peru","PER","Ayacucho",2020-04-19,33,,,,10,23,
"Peru","PER","Cajamarca",2020-04-19,61,2,,,11,50,
"Peru","PER","Callao",2020-04-19,1239,34,,,562,677,
"Peru","PER","Cusco",2020-04-19,130,3,,,63,67,
"Peru","PER","Huancavelica",2020-04-19,20,1,,,13,7,
"Peru","PER","Huánuco",2020-04-19,83,,,,9,74,
"Peru","PER","Ica",2020-04-19,141,6,,,97,44,
"Peru","PER","Junín",2020-04-19,150,1,,,105,45,
"Peru","PER","La Libertad",2020-04-19,232,17,,,133,99,
"Peru","PER","Lambayeque",2020-04-19,671,81,,,550,121,
"Peru","PER","Lima",2020-04-19,10877,169,,,5767,5110,
"Peru","PER","Loreto",2020-04-19,552,14,,,512,40,
"Peru","PER","Madre de Dios",2020-04-19,25,,,,10,15,
"Peru","PER","Moquegua",2020-04-19,30,,,,5,25,
"Peru","PER","Pasco",2020-04-19,18,,,,12,6,
"Peru","PER","Piura",2020-04-19,420,37,,,110,310,
"Peru","PER","Puno",2020-04-19,8,,,,3,5,
"Peru","PER","San Martín",2020-04-19,94,1,,,28,66,
"Peru","PER","Tacna",2020-04-19,35,,,,10,25,
"Peru","PER","Tumbes",2020-04-19,183,10,,,71,112,
"Peru","PER","Ucayali",2020-04-19,97,3,,,8,89,
"Peru","PER",,2020-04-19,15628,400,6811,128117,8363,7265,
"Peru","PER","Amazonas",2020-04-20,55,,,,17,38,
"Peru","PER","Ancash",2020-04-20,275,19,,,156,119,
"Peru","PER","Apurimac",2020-04-20,40,,,,9,31,
"Peru","PER","Arequipa",2020-04-20,229,8,,,107,122,
"Peru","PER","Ayacucho",2020-04-20,35,,,,12,23,
"Peru","PER","Cajamarca",2020-04-20,62,2,,,11,51,
"Peru","PER","Callao",2020-04-20,1282,35,,,602,680,
"Peru","PER","Cusco",2020-04-20,130,3,,,63,67,
"Peru","PER","Huancavelica",2020-04-20,21,1,,,13,8,
"Peru","PER","Huánuco",2020-04-20,83,,,,9,74,
"Peru","PER","Ica",2020-04-20,145,6,,,101,44,
"Peru","PER","Junín",2020-04-20,155,1,,,109,46,
"Peru","PER","La Libertad",2020-04-20,253,17,,,141,112,
"Peru","PER","Lambayeque",2020-04-20,675,89,,,550,125,
"Peru","PER","Lima",2020-04-20,11297,199,,,6253,5044,
"Peru","PER","Loreto",2020-04-20,585,14,,,545,40,
"Peru","PER","Madre de Dios",2020-04-20,64,,,,10,54,
"Peru","PER","Moquegua",2020-04-20,30,,,,5,25,
"Peru","PER","Pasco",2020-04-20,32,,,,13,19,
"Peru","PER","Piura",2020-04-20,436,37,,,110,326,
"Peru","PER","Puno",2020-04-20,8,,,,3,5,
"Peru","PER","San Martín",2020-04-20,94,1,,,28,66,
"Peru","PER","Tacna",2020-04-20,35,,,,10,25,
"Peru","PER","Tumbes",2020-04-20,184,10,,,71,113,
"Peru","PER","Ucayali",2020-04-20,120,3,,,16,104,
"Peru","PER",,2020-04-20,16325,445,6968,131686,8964,7361,
"Peru","PER","Amazonas",2020-04-21,58,,,,58,,
"Peru","PER","Ancash",2020-04-21,334,23,,,334,23,
"Peru","PER","Apurimac",2020-04-21,42,,,,42,,
"Peru","PER","Arequipa",2020-04-21,273,8,,,273,8,
"Peru","PER","Ayacucho",2020-04-21,38,,,,38,,
"Peru","PER","Cajamarca",2020-04-21,73,2,,,73,2,
"Peru","PER","Callao",2020-04-21,1369,36,,,1369,36,
"Peru","PER","Cusco",2020-04-21,132,3,,,132,3,
"Peru","PER","Huancavelica",2020-04-21,16,1,,,16,1,
"Peru","PER","Huánuco",2020-04-21,91,,,,91,,
"Peru","PER","Ica",2020-04-21,195,6,,,195,6,
"Peru","PER","Junín",2020-04-21,178,1,,,178,1,
"Peru","PER","La Libertad",2020-04-21,303,17,,,303,17,
"Peru","PER","Lambayeque",2020-04-21,741,90,,,741,90,
"Peru","PER","Lima",2020-04-21,12256,227,,,12256,227,
"Peru","PER","Loreto",2020-04-21,617,19,,,617,19,
"Peru","PER","Madre de Dios",2020-04-21,66,,,,66,,
"Peru","PER","Moquegua",2020-04-21,41,,,,41,,
"Peru","PER","Pasco",2020-04-21,39,,,,39,,
"Peru","PER","Piura",2020-04-21,475,37,,,475,37,
"Peru","PER","Puno",2020-04-21,11,,,,11,,
"Peru","PER","San Martín",2020-04-21,100,1,,,100,1,
"Peru","PER","Tacna",2020-04-21,42,,,,42,,
"Peru","PER","Tumbes",2020-04-21,198,10,,,198,10,
"Peru","PER","Ucayali",2020-04-21,149,3,,,149,3,
"Peru","PER",,2020-04-21,17837,484,6982,137887,17837,484,
"Peru","PER","Amazonas",2020-04-22,60,,,,17,43,
"Peru","PER","Ancash",2020-04-22,365,26,,,169,196,
"Peru","PER","Apurimac",2020-04-22,46,,,,9,37,
"Peru","PER","Arequipa",2020-04-22,276,8,,,123,153,
"Peru","PER","Ayacucho",2020-04-22,38,,,,12,26,
"Peru","PER","Cajamarca",2020-04-22,78,2,,,14,64,
"Peru","PER","Callao",2020-04-22,1416,39,,,640,776,
"Peru","PER","Cusco",2020-04-22,147,3,,,63,84,
"Peru","PER","Huancavelica",2020-04-22,19,1,,,13,6,
"Peru","PER","Huánuco",2020-04-22,114,,,,10,104,
"Peru","PER","Ica",2020-04-22,213,6,,,128,85,
"Peru","PER","Junín",2020-04-22,207,1,,,116,91,
"Peru","PER","La Libertad",2020-04-22,318,17,,,150,168,
"Peru","PER","Lambayeque",2020-04-22,864,97,,,581,283,
"Peru","PER","Lima",2020-04-22,13214,247,,,7139,6075,
"Peru","PER","Loreto",2020-04-22,653,23,,,593,60,
"Peru","PER","Madre de Dios",2020-04-22,71,,,,13,58,
"Peru","PER","Moquegua",2020-04-22,48,,,,5,43,
"Peru","PER","Pasco",2020-04-22,46,1,,,19,27,
"Peru","PER","Piura",2020-04-22,514,45,,,119,395,
"Peru","PER","Puno",2020-04-22,15,,,,3,12,
"Peru","PER","San Martín",2020-04-22,107,1,,,29,78,
"Peru","PER","Tacna",2020-04-22,44,,,,10,34,
"Peru","PER","Tumbes",2020-04-22,205,10,,,71,134,
"Peru","PER","Ucayali",2020-04-22,172,3,,,16,156,
"Peru","PER",,2020-04-22,19250,530,7027,151150,10062,9188,
"Peru","PER","Amazonas",2020-04-23,64,,,,17,47,
"Peru","PER","Ancash",2020-04-23,352,28,,,173,179,
"Peru","PER","Apurimac",2020-04-23,52,,,,9,43,
"Peru","PER","Arequipa",2020-04-23,291,8,,,128,163,
"Peru","PER","Ayacucho",2020-04-23,39,,,,13,26,
"Peru","PER","Cajamarca",2020-04-23,90,2,,,13,77,
"Peru","PER","Callao",2020-04-23,1536,39,,,683,853,
"Peru","PER","Cusco",2020-04-23,158,3,,,64,94,
"Peru","PER","Huancavelica",2020-04-23,21,1,,,13,8,
"Peru","PER","Huánuco",2020-04-23,116,,,,10,106,
"Peru","PER","Ica",2020-04-23,248,6,,,142,106,
"Peru","PER","Junín",2020-04-23,206,1,,,125,81,
"Peru","PER","La Libertad",2020-04-23,391,17,,,151,240,
"Peru","PER","Lambayeque",2020-04-23,968,111,,,595,373,
"Peru","PER","Lima",2020-04-23,14300,267,,,7768,6532,
"Peru","PER","Loreto",2020-04-23,700,23,,,602,98,
"Peru","PER","Madre de Dios",2020-04-23,77,,,,13,64,
"Peru","PER","Moquegua",2020-04-23,52,,,,6,46,
"Peru","PER","Pasco",2020-04-23,48,1,,,20,28,
"Peru","PER","Piura",2020-04-23,568,45,,,130,438,
"Peru","PER","Puno",2020-04-23,33,,,,5,28,
"Peru","PER","San Martín",2020-04-23,111,1,,,29,82,
"Peru","PER","Tacna",2020-04-23,50,,,,12,38,
"Peru","PER","Tumbes",2020-04-23,233,16,,,71,162,
"Peru","PER","Ucayali",2020-04-23,210,3,,,16,194,
"Peru","PER",,2020-04-23,20914,572,7422,164324,10808,10106,
"Peru","PER","Amazonas",2020-04-24,65,,,,17,48,
"Peru","PER","Ancash",2020-04-24,361,29,,,182,179,
"Peru","PER","Apurimac",2020-04-24,53,,,,9,44,
"Peru","PER","Arequipa",2020-04-24,311,10,,,149,162,
"Peru","PER","Ayacucho",2020-04-24,40,,,,13,27,
"Peru","PER","Cajamarca",2020-04-24,92,2,,,15,77,
"Peru","PER","Callao",2020-04-24,1591,40,,,738,853,
"Peru","PER","Cusco",2020-04-24,160,3,,,66,94,
"Peru","PER","Huancavelica",2020-04-24,23,1,,,14,9,
"Peru","PER","Huánuco",2020-04-24,116,1,,,10,106,
"Peru","PER","Ica",2020-04-24,258,6,,,146,112,
"Peru","PER","Junín",2020-04-24,219,4,,,125,94,
"Peru","PER","La Libertad",2020-04-24,410,23,,,160,250,
"Peru","PER","Lambayeque",2020-04-24,974,119,,,620,354,
"Peru","PER","Lima",2020-04-24,14814,290,,,8235,6579,
"Peru","PER","Loreto",2020-04-24,708,29,,,610,98,
"Peru","PER","Madre de Dios",2020-04-24,80,,,,13,67,
"Peru","PER","Moquegua",2020-04-24,57,,,,6,51,
"Peru","PER","Pasco",2020-04-24,61,1,,,20,41,
"Peru","PER","Piura",2020-04-24,585,45,,,147,438,
"Peru","PER","Puno",2020-04-24,34,,,,6,28,
"Peru","PER","San Martín",2020-04-24,117,1,,,30,87,
"Peru","PER","Tacna",2020-04-24,59,,,,13,46,
"Peru","PER","Tumbes",2020-04-24,234,19,,,72,162,
"Peru","PER","Ucayali",2020-04-24,226,11,,,16,210,
"Peru","PER",,2020-04-24,21648,634,7496,176701,11432,10216,
"Peru","PER","Amazonas",2020-04-25,67,,,,17,50,
"Peru","PER","Ancash",2020-04-25,464,33,,,182,282,
"Peru","PER","Apurimac",2020-04-25,63,,,,9,54,
"Peru","PER","Arequipa",2020-04-25,364,10,,,159,205,
"Peru","PER","Ayacucho",2020-04-25,45,,,,13,32,
"Peru","PER","Cajamarca",2020-04-25,105,2,,,15,90,
"Peru","PER","Callao",2020-04-25,2436,44,,,738,1698,
"Peru","PER","Cusco",2020-04-25,174,3,,,66,108,
"Peru","PER","Huancavelica",2020-04-25,33,1,,,14,19,
"Peru","PER","Huánuco",2020-04-25,160,1,,,10,150,
"Peru","PER","Ica",2020-04-25,268,6,,,146,122,
"Peru","PER","Junín",2020-04-25,257,4,,,125,132,
"Peru","PER","La Libertad",2020-04-25,481,23,,,167,314,
"Peru","PER","Lambayeque",2020-04-25,1388,119,,,620,768,
"Peru","PER","Lima",2020-04-25,16567,303,,,8600,7967,
"Peru","PER","Loreto",2020-04-25,742,36,,,641,101,
"Peru","PER","Madre de Dios",2020-04-25,91,,,,13,78,
"Peru","PER","Moquegua",2020-04-25,73,,,,6,67,
"Peru","PER","Pasco",2020-04-25,68,1,,,20,48,
"Peru","PER","Piura",2020-04-25,669,79,,,147,522,
"Peru","PER","Puno",2020-04-25,65,,,,6,59,
"Peru","PER","San Martín",2020-04-25,121,1,,,30,91,
"Peru","PER","Tacna",2020-04-25,67,1,,,13,54,
"Peru","PER","Tumbes",2020-04-25,240,19,,,72,168,
"Peru","PER","Ucayali",2020-04-25,323,14,,,16,307,
"Peru","PER",,2020-04-25,25331,700,7797,192864,11845,13486,
"Peru","PER","Amazonas",2020-04-26,78,,,,21,57,
"Peru","PER","Ancash",2020-04-26,506,35,,,197,309,
"Peru","PER","Apurimac",2020-04-26,68,,,,13,55,
"Peru","PER","Arequipa",2020-04-26,396,10,,,167,229,
"Peru","PER","Ayacucho",2020-04-26,53,,,,23,30,
"Peru","PER","Cajamarca",2020-04-26,128,2,,,31,97,
"Peru","PER","Callao",2020-04-26,2615,44,,,840,1775,
"Peru","PER","Cusco",2020-04-26,182,3,,,69,113,
"Peru","PER","Huancavelica",2020-04-26,40,1,,,18,22,
"Peru","PER","Huánuco",2020-04-26,167,,,,11,156,
"Peru","PER","Ica",2020-04-26,284,6,,,162,122,
"Peru","PER","Junín",2020-04-26,284,4,,,137,147,
"Peru","PER","La Libertad",2020-04-26,503,23,,,171,332,
"Peru","PER","Lambayeque",2020-04-26,1602,143,,,731,871,
"Peru","PER","Lima",2020-04-26,17884,303,,,9067,8817,
"Peru","PER","Loreto",2020-04-26,786,39,,,687,99,
"Peru","PER","Madre de Dios",2020-04-26,94,,,,14,80,
"Peru","PER","Moquegua",2020-04-26,92,,,,6,86,
"Peru","PER","Pasco",2020-04-26,78,1,,,21,57,
"Peru","PER","Piura",2020-04-26,790,79,,,184,606,
"Peru","PER","Puno",2020-04-26,69,,,,8,61,
"Peru","PER","San Martín",2020-04-26,151,1,,,37,114,
"Peru","PER","Tacna",2020-04-26,68,1,,,17,51,
"Peru","PER","Tumbes",2020-04-26,250,19,,,76,174,
"Peru","PER","Ucayali",2020-04-26,349,14,,,17,332,
"Peru","PER",,2020-04-26,27517,728,8088,205230,12725,14792,
"Peru","PER","Amazonas",2020-04-27,84,,,,21,63,
"Peru","PER","Ancash",2020-04-27,547,34,,,204,343,
"Peru","PER","Apurimac",2020-04-27,69,,,,13,56,
"Peru","PER","Arequipa",2020-04-27,479,11,,,168,311,
"Peru","PER","Ayacucho",2020-04-27,60,,,,23,37,
"Peru","PER","Cajamarca",2020-04-27,141,2,,,32,109,
"Peru","PER","Callao",2020-04-27,2672,50,,,870,1802,
"Peru","PER","Cusco",2020-04-27,196,3,,,72,124,
"Peru","PER","Huancavelica",2020-04-27,48,1,,,19,29,
"Peru","PER","Huánuco",2020-04-27,167,,,,11,156,
"Peru","PER","Ica",2020-04-27,339,6,,,164,175,
"Peru","PER","Junín",2020-04-27,290,4,,,140,150,
"Peru","PER","La Libertad",2020-04-27,553,23,,,178,375,
"Peru","PER","Lambayeque",2020-04-27,1651,149,,,733,918,
"Peru","PER","Lima",2020-04-27,18571,332,,,9393,9178,
"Peru","PER","Loreto",2020-04-27,827,39,,,700,127,
"Peru","PER","Madre de Dios",2020-04-27,87,,,,14,73,
"Peru","PER","Moquegua",2020-04-27,94,,,,6,88,
"Peru","PER","Pasco",2020-04-27,82,1,,,21,61,
"Peru","PER","Piura",2020-04-27,816,92,,,191,625,
"Peru","PER","Puno",2020-04-27,69,,,,9,60,
"Peru","PER","San Martín",2020-04-27,166,1,,,39,127,
"Peru","PER","Tacna",2020-04-27,71,1,,,17,54,
"Peru","PER","Tumbes",2020-04-27,250,19,,,76,174,
"Peru","PER","Ucayali",2020-04-27,370,14,,,18,352,
"Peru","PER",,2020-04-27,28699,782,8425,210864,13132,15567,
"Peru","PER","Amazonas",2020-04-28,108,,,,21,87,
"Peru","PER","Ancash",2020-04-28,598,39,,,209,389,
"Peru","PER","Apurimac",2020-04-28,64,,,,13,51,
"Peru","PER","Arequipa",2020-04-28,501,11,,,178,323,
"Peru","PER","Ayacucho",2020-04-28,72,,,,31,41,
"Peru","PER","Cajamarca",2020-04-28,156,3,,,36,120,
"Peru","PER","Callao",2020-04-28,2933,52,,,926,2007,
"Peru","PER","Cusco",2020-04-28,202,3,,,74,128,
"Peru","PER","Huancavelica",2020-04-28,57,1,,,22,35,
"Peru","PER","Huánuco",2020-04-28,168,,,,12,156,
"Peru","PER","Ica",2020-04-28,353,28,,,178,175,
"Peru","PER","Junín",2020-04-28,331,4,,,142,189,
"Peru","PER","La Libertad",2020-04-28,585,23,,,193,392,
"Peru","PER","Lambayeque",2020-04-28,1814,159,,,779,1035,
"Peru","PER","Lima",2020-04-28,20048,358,,,9762,10286,
"Peru","PER","Loreto",2020-04-28,881,45,,,749,132,
"Peru","PER","Madre de Dios",2020-04-28,97,,,,14,83,
"Peru","PER","Moquegua",2020-04-28,100,,,,6,94,
"Peru","PER","Pasco",2020-04-28,90,1,,,21,69,
"Peru","PER","Piura",2020-04-28,960,92,,,200,760,
"Peru","PER","Puno",2020-04-28,88,,,,12,76,
"Peru","PER","San Martín",2020-04-28,178,1,,,52,126,
"Peru","PER","Tacna",2020-04-28,77,1,,,17,60,
"Peru","PER","Tumbes",2020-04-28,275,19,,,76,199,
"Peru","PER","Ucayali",2020-04-28,454,14,,,19,435,
"Peru","PER",,2020-04-28,31190,854,9179,236422,13742,17448,
"Peru","PER","Amazonas",2020-04-29,119,,,,21,98,
"Peru","PER","Ancash",2020-04-29,630,52,,,218,412,
"Peru","PER","Apurimac",2020-04-29,66,,,,13,53,
"Peru","PER","Arequipa",2020-04-29,529,11,,,193,336,
"Peru","PER","Ayacucho",2020-04-29,80,,,,36,44,
"Peru","PER","Cajamarca",2020-04-29,162,3,,,42,120,
"Peru","PER","Callao",2020-04-29,3101,52,,,956,2145,
"Peru","PER","Cusco",2020-04-29,203,3,,,75,128,
"Peru","PER","Huancavelica",2020-04-29,75,1,,,23,52,
"Peru","PER","Huánuco",2020-04-29,169,,,,13,156,
"Peru","PER","Ica",2020-04-29,401,28,,,179,222,
"Peru","PER","Junín",2020-04-29,373,4,,,150,223,
"Peru","PER","La Libertad",2020-04-29,615,23,,,199,416,
"Peru","PER","Lambayeque",2020-04-29,1956,172,,,780,1176,
"Peru","PER","Lima",2020-04-29,21854,404,,,10109,11745,
"Peru","PER","Loreto",2020-04-29,1003,51,,,854,149,
"Peru","PER","Madre de Dios",2020-04-29,105,,,,15,90,
"Peru","PER","Moquegua",2020-04-29,111,,,,6,105,
"Peru","PER","Pasco",2020-04-29,95,1,,,22,73,
"Peru","PER","Piura",2020-04-29,1080,103,,,215,865,
"Peru","PER","Puno",2020-04-29,89,,,,13,76,
"Peru","PER","San Martín",2020-04-29,205,1,,,69,136,
"Peru","PER","Tacna",2020-04-29,94,1,,,17,77,
"Peru","PER","Tumbes",2020-04-29,290,19,,,75,215,
"Peru","PER","Ucayali",2020-04-29,526,14,,,91,435,
"Peru","PER",,2020-04-29,33931,943,10037,262331,14384,19547,
"Peru","PER","Amazonas",2020-04-30,122,,,,22,100,
"Peru","PER","Ancash",2020-04-30,693,56,,,221,472,
"Peru","PER","Apurimac",2020-04-30,78,,,,13,65,
"Peru","PER","Arequipa",2020-04-30,571,11,,,202,369,
"Peru","PER","Ayacucho",2020-04-30,95,,,,49,46,
"Peru","PER","Cajamarca",2020-04-30,170,3,,,44,126,
"Peru","PER","Callao",2020-04-30,3219,60,,,975,2244,
"Peru","PER","Cusco",2020-04-30,212,3,,,79,133,
"Peru","PER","Huancavelica",2020-04-30,88,1,,,25,63,
"Peru","PER","Huánuco",2020-04-30,189,,,,11,178,
"Peru","PER","Ica",2020-04-30,550,28,,,208,342,
"Peru","PER","Junín",2020-04-30,394,4,,,151,243,
"Peru","PER","La Libertad",2020-04-30,668,23,,,213,455,
"Peru","PER","Lambayeque",2020-04-30,2176,192,,,803,1373,
"Peru","PER","Lima",2020-04-30,23561,437,,,10401,13160,
"Peru","PER","Loreto",2020-04-30,1202,55,,,999,203,
"Peru","PER","Madre de Dios",2020-04-30,113,,,,17,96,
"Peru","PER","Moquegua",2020-04-30,120,,,,6,114,
"Peru","PER","Pasco",2020-04-30,113,1,,,22,91,
"Peru","PER","Piura",2020-04-30,1207,118,,,223,984,
"Peru","PER","Puno",2020-04-30,105,,,,13,92,
"Peru","PER","San Martín",2020-04-30,238,1,,,72,166,
"Peru","PER","Tacna",2020-04-30,111,1,,,17,94,
"Peru","PER","Tumbes",2020-04-30,310,19,,,75,235,
"Peru","PER","Ucayali",2020-04-30,671,38,,,95,576,
"Peru","PER",,2020-04-30,36976,1051,10405,281276,14956,22020,
"Peru","PER","Amazonas",2020-05-01,129,,,,23,106,
"Peru","PER","Ancash",2020-05-01,822,56,,,224,598,
"Peru","PER","Apurimac",2020-05-01,83,,,,10,73,
"Peru","PER","Arequipa",2020-05-01,624,11,,,214,410,
"Peru","PER","Ayacucho",2020-05-01,104,,,,49,55,
"Peru","PER","Cajamarca",2020-05-01,201,3,,,52,149,
"Peru","PER","Callao",2020-05-01,3458,60,,,1021,2437,
"Peru","PER","Cusco",2020-05-01,221,3,,,82,139,
"Peru","PER","Huancavelica",2020-05-01,109,1,,,27,82,
"Peru","PER","Huánuco",2020-05-01,206,,,,13,193,
"Peru","PER","Ica",2020-05-01,580,41,,,216,364,
"Peru","PER","Junín",2020-05-01,436,4,,,158,278,
"Peru","PER","La Libertad",2020-05-01,720,23,,,223,497,
"Peru","PER","Lambayeque",2020-05-01,2360,194,,,831,1529,
"Peru","PER","Lima",2020-05-01,25718,491,,,10748,14970,
"Peru","PER","Loreto",2020-05-01,1355,57,,,1095,260,
"Peru","PER","Madre de Dios",2020-05-01,116,1,,,18,98,
"Peru","PER","Moquegua",2020-05-01,123,,,,6,117,
"Peru","PER","Pasco",2020-05-01,122,1,,,25,97,
"Peru","PER","Piura",2020-05-01,1396,119,,,233,1163,
"Peru","PER","Puno",2020-05-01,116,,,,13,103,
"Peru","PER","San Martín",2020-05-01,248,1,,,72,176,
"Peru","PER","Tacna",2020-05-01,126,1,,,17,109,
"Peru","PER","Tumbes",2020-05-01,326,19,,,75,251,
"Peru","PER","Ucayali",2020-05-01,760,38,,,95,665,
"Peru","PER",,2020-05-01,40459,1124,11129,302039,15540,24919,
"Peru","PER","Amazonas",2020-05-02,136,1,,,23,113,
"Peru","PER","Ancash",2020-05-02,907,66,,,233,674,
"Peru","PER","Apurimac",2020-05-02,86,,,,10,76,
"Peru","PER","Arequipa",2020-05-02,655,16,,,221,434,
"Peru","PER","Ayacucho",2020-05-02,117,,,,51,66,
"Peru","PER","Cajamarca",2020-05-02,224,3,,,55,169,
"Peru","PER","Callao",2020-05-02,3543,66,,,1065,2478,
"Peru","PER","Cusco",2020-05-02,221,3,,,82,139,
"Peru","PER","Huancavelica",2020-05-02,133,1,,,28,105,
"Peru","PER","Huánuco",2020-05-02,233,,,,15,218,
"Peru","PER","Ica",2020-05-02,584,41,,,218,366,
"Peru","PER","Junín",2020-05-02,451,7,,,161,290,
"Peru","PER","La Libertad",2020-05-02,798,23,,,231,567,
"Peru","PER","Lambayeque",2020-05-02,2548,220,,,862,1686,
"Peru","PER","Lima",2020-05-02,26908,504,,,11204,15704,
"Peru","PER","Loreto",2020-05-02,1425,57,,,1150,275,
"Peru","PER","Madre de Dios",2020-05-02,118,1,,,18,100,
"Peru","PER","Moquegua",2020-05-02,128,,,,7,121,
"Peru","PER","Pasco",2020-05-02,148,1,,,27,121,
"Peru","PER","Piura",2020-05-02,1492,131,,,238,1254,
"Peru","PER","Puno",2020-05-02,124,,,,13,111,
"Peru","PER","San Martín",2020-05-02,265,1,,,72,193,
"Peru","PER","Tacna",2020-05-02,128,1,,,19,109,
"Peru","PER","Tumbes",2020-05-02,336,19,,,74,262,
"Peru","PER","Ucayali",2020-05-02,826,38,,,95,731,
"Peru","PER",,2020-05-02,42534,1200,12434,313070,16172,26362,
"Peru","PER","Amazonas",2020-05-03,155,1,,,23,132,
"Peru","PER","Ancash",2020-05-03,993,77,,,244,749,
"Peru","PER","Apurimac",2020-05-03,90,,,,10,80,
"Peru","PER","Arequipa",2020-05-03,692,16,,,228,464,
"Peru","PER","Ayacucho",2020-05-03,135,,,,54,81,
"Peru","PER","Cajamarca",2020-05-03,259,3,,,60,199,
"Peru","PER","Callao",2020-05-03,3893,66,,,1108,2785,
"Peru","PER","Cusco",2020-05-03,230,3,,,82,148,
"Peru","PER","Huancavelica",2020-05-03,186,1,,,28,158,
"Peru","PER","Huánuco",2020-05-03,248,,,,15,233,
"Peru","PER","Ica",2020-05-03,676,41,,,234,442,
"Peru","PER","Junín",2020-05-03,506,7,,,180,326,
"Peru","PER","La Libertad",2020-05-03,879,23,,,238,641,
"Peru","PER","Lambayeque",2020-05-03,2646,267,,,873,1773,
"Peru","PER","Lima",2020-05-03,28990,517,,,11580,17410,
"Peru","PER","Loreto",2020-05-03,1502,59,,,1198,304,
"Peru","PER","Madre de Dios",2020-05-03,120,1,,,18,102,
"Peru","PER","Moquegua",2020-05-03,131,,,,7,124,
"Peru","PER","Pasco",2020-05-03,161,1,,,27,134,
"Peru","PER","Piura",2020-05-03,1618,143,,,240,1378,
"Peru","PER","Puno",2020-05-03,135,,,,13,122,
"Peru","PER","San Martín",2020-05-03,282,1,,,81,201,
"Peru","PER","Tacna",2020-05-03,141,2,,,19,122,
"Peru","PER","Tumbes",2020-05-03,347,19,,,75,272,
"Peru","PER","Ucayali",2020-05-03,913,38,,,95,818,
"Peru","PER",,2020-05-03,45928,1286,13550,329168,16730,29198,
"Peru","PER","Amazonas",2020-05-04,164,,,,,,
"Peru","PER","Ancash",2020-05-04,1014,,,,,,
"Peru","PER","Apurimac",2020-05-04,100,,,,,,
"Peru","PER","Arequipa",2020-05-04,692,,,,,,
"Peru","PER","Ayacucho",2020-05-04,143,,,,,,
"Peru","PER","Cajamarca",2020-05-04,268,,,,,,
"Peru","PER","Callao",2020-05-04,3979,,,,,,
"Peru","PER","Cusco",2020-05-04,234,,,,,,
"Peru","PER","Huancavelica",2020-05-04,199,,,,,,
"Peru","PER","Huánuco",2020-05-04,248,,,,,,
"Peru","PER","Ica",2020-05-04,688,,,,,,
"Peru","PER","Junín",2020-05-04,524,,,,,,
"Peru","PER","La Libertad",2020-05-04,965,,,,,,
"Peru","PER","Lambayeque",2020-05-04,2763,,,,,,
"Peru","PER","Lima",2020-05-04,29842,,,,,,
"Peru","PER","Loreto",2020-05-04,1502,,,,,,
"Peru","PER","Madre de Dios",2020-05-04,121,,,,,,
"Peru","PER","Moquegua",2020-05-04,133,,,,,,
"Peru","PER","Pasco",2020-05-04,162,,,,,,
"Peru","PER","Piura",2020-05-04,1752,,,,,,
"Peru","PER","Puno",2020-05-04,142,,,,,,
"Peru","PER","San Martín",2020-05-04,296,,,,,,
"Peru","PER","Tacna",2020-05-04,141,,,,,,
"Peru","PER","Tumbes",2020-05-04,347,,,,,,
"Peru","PER","Ucayali",2020-05-04,953,,,,,,
"Peru","PER",,2020-05-04,47372,1344,14427,338120,,,
"Peru","PER","Amazonas",2020-05-05,170,4,,,23,147,
"Peru","PER","Ancash",2020-05-05,1159,85,,,258,901,
"Peru","PER","Apurimac",2020-05-05,111,,,,10,101,
"Peru","PER","Arequipa",2020-05-05,763,18,,,235,528,
"Peru","PER","Ayacucho",2020-05-05,181,,,,63,118,
"Peru","PER","Cajamarca",2020-05-05,322,3,,,76,246,
"Peru","PER","Callao",2020-05-05,4245,77,,,1155,3090,
"Peru","PER","Cusco",2020-05-05,249,3,,,82,167,
"Peru","PER","Huancavelica",2020-05-05,203,1,,,30,173,
"Peru","PER","Huánuco",2020-05-05,255,2,,,15,240,
"Peru","PER","Ica",2020-05-05,698,41,,,256,442,
"Peru","PER","Junín",2020-05-05,587,7,,,188,399,
"Peru","PER","La Libertad",2020-05-05,1062,46,,,245,817,
"Peru","PER","Lambayeque",2020-05-05,3008,299,,,896,2112,
"Peru","PER","Lima",2020-05-05,32339,584,,,12294,20045,
"Peru","PER","Loreto",2020-05-05,1595,62,,,1244,351,
"Peru","PER","Madre de Dios",2020-05-05,124,1,,,17,107,
"Peru","PER","Moquegua",2020-05-05,142,,,,7,135,
"Peru","PER","Pasco",2020-05-05,166,1,,,27,139,
"Peru","PER","Piura",2020-05-05,1804,149,,,259,1545,
"Peru","PER","Puno",2020-05-05,144,1,,,13,131,
"Peru","PER","San Martín",2020-05-05,303,1,,,102,201,
"Peru","PER","Tacna",2020-05-05,149,2,,,19,130,
"Peru","PER","Tumbes",2020-05-05,378,19,,,75,303,
"Peru","PER","Ucayali",2020-05-05,1032,38,,,125,907,
"Peru","PER",,2020-05-05,51189,1444,15413,355390,17714,33475,
"Peru","PER","Amazonas",2020-05-06,176,5,,3227,23,153,
"Peru","PER","Ancash",2020-05-06,1256,85,,11434,266,990,
"Peru","PER","Apurimac",2020-05-06,84,,,3767,10,74,
"Peru","PER","Arequipa",2020-05-06,790,20,,15878,248,542,
"Peru","PER","Ayacucho",2020-05-06,176,,,3697,71,105,
"Peru","PER","Cajamarca",2020-05-06,301,3,,6491,83,218,
"Peru","PER","Callao",2020-05-06,4404,82,,13984,1237,3167,
"Peru","PER","Cusco",2020-05-06,258,3,,6615,83,175,
"Peru","PER","Huancavelica",2020-05-06,181,1,,3638,30,151,
"Peru","PER","Huánuco",2020-05-06,259,7,,4820,15,244,
"Peru","PER","Ica",2020-05-06,708,41,,7129,265,443,
"Peru","PER","Junín",2020-05-06,632,14,,8288,188,444,
"Peru","PER","La Libertad",2020-05-06,1119,46,,12118,269,850,
"Peru","PER","Lambayeque",2020-05-06,3127,299,,11943,897,2230,
"Peru","PER","Lima",2020-05-06,35299,613,,201856,12935,22364,
"Peru","PER","Loreto",2020-05-06,1559,67,,6652,1211,348,
"Peru","PER","Madre de Dios",2020-05-06,129,1,,5520,19,110,
"Peru","PER","Moquegua",2020-05-06,149,,,4445,7,142,
"Peru","PER","Pasco",2020-05-06,151,1,,3099,27,124,
"Peru","PER","Piura",2020-05-06,1914,184,,12503,271,1643,
"Peru","PER","Puno",2020-05-06,149,1,,6122,13,136,
"Peru","PER","San Martín",2020-05-06,317,1,,6685,115,202,
"Peru","PER","Tacna",2020-05-06,160,2,,6406,19,141,
"Peru","PER","Tumbes",2020-05-06,443,19,,3883,75,368,
"Peru","PER","Ucayali",2020-05-06,1076,38,,4441,127,949,
"Peru","PER",,2020-05-06,54817,1533,17527,374641,18504,36313,
"Peru","PER","Amazonas",2020-05-07,186,7,,3347,23,163,
"Peru","PER","Ancash",2020-05-07,1307,93,,11843,275,1032,
"Peru","PER","Apurimac",2020-05-07,90,,,3982,10,80,
"Peru","PER","Arequipa",2020-05-07,814,20,,16568,256,558,
"Peru","PER","Ayacucho",2020-05-07,189,,,3868,80,109,
"Peru","PER","Cajamarca",2020-05-07,316,3,,6679,84,232,
"Peru","PER","Callao",2020-05-07,4678,82,,15275,1330,3348,
"Peru","PER","Cusco",2020-05-07,280,3,,7206,85,195,
"Peru","PER","Huancavelica",2020-05-07,176,1,,3788,30,146,
"Peru","PER","Huánuco",2020-05-07,293,7,,5085,16,277,
"Peru","PER","Ica",2020-05-07,860,41,,7334,276,584,
"Peru","PER","Junín",2020-05-07,655,14,,8787,195,460,
"Peru","PER","La Libertad",2020-05-07,1206,67,,12845,281,925,
"Peru","PER","Lambayeque",2020-05-07,3268,318,,12511,903,2365,
"Peru","PER","Lima",2020-05-07,37606,636,,208383,13639,23967,
"Peru","PER","Loreto",2020-05-07,1666,67,,6889,1308,358,
"Peru","PER","Madre de Dios",2020-05-07,138,1,,5515,23,115,
"Peru","PER","Moquegua",2020-05-07,155,,,4599,7,148,
"Peru","PER","Pasco",2020-05-07,151,1,,3333,24,127,
"Peru","PER","Piura",2020-05-07,2214,205,,13037,284,1930,
"Peru","PER","Puno",2020-05-07,158,1,,6474,7,151,
"Peru","PER","San Martín",2020-05-07,334,1,,7109,122,212,
"Peru","PER","Tacna",2020-05-07,166,2,,6532,19,147,
"Peru","PER","Tumbes",2020-05-07,451,19,,4067,75,376,
"Peru","PER","Ucayali",2020-05-07,1169,38,,4438,156,1013,
"Peru","PER",,2020-05-07,58526,1627,18388,389494,19508,39018,
"Peru","PER","Amazonas",2020-05-08,207,7,,3761,30,177,
"Peru","PER","Ancash",2020-05-08,1390,106,,12311,286,1104,
"Peru","PER","Apurimac",2020-05-08,92,,,4110,10,82,
"Peru","PER","Arequipa",2020-05-08,854,20,,17590,262,592,
"Peru","PER","Ayacucho",2020-05-08,203,,,3967,89,114,
"Peru","PER","Cajamarca",2020-05-08,328,3,,7119,88,240,
"Peru","PER","Callao",2020-05-08,4968,82,,16017,1435,3533,
"Peru","PER","Cusco",2020-05-08,328,3,,7720,88,240,
"Peru","PER","Huancavelica",2020-05-08,178,1,,4003,30,148,
"Peru","PER","Huánuco",2020-05-08,323,7,,5452,18,305,
"Peru","PER","Ica",2020-05-08,884,41,,7782,289,595,
"Peru","PER","Junín",2020-05-08,689,14,,9207,195,494,
"Peru","PER","La Libertad",2020-05-08,1275,66,,13286,287,988,
"Peru","PER","Lambayeque",2020-05-08,3479,347,,13098,903,2576,
"Peru","PER","Lima",2020-05-08,39837,653,,221394,14224,25613,
"Peru","PER","Loreto",2020-05-08,1704,67,,6986,1330,374,
"Peru","PER","Madre de Dios",2020-05-08,139,1,,5514,22,117,
"Peru","PER","Moquegua",2020-05-08,160,,,4857,7,153,
"Peru","PER","Pasco",2020-05-08,158,1,,3469,24,134,
"Peru","PER","Piura",2020-05-08,2258,233,,13782,312,1946,
"Peru","PER","Puno",2020-05-08,164,1,,6914,9,155,
"Peru","PER","San Martín",2020-05-08,394,2,,7632,141,253,
"Peru","PER","Tacna",2020-05-08,166,2,,6665,19,147,
"Peru","PER","Tumbes",2020-05-08,461,19,,4175,75,386,
"Peru","PER","Ucayali",2020-05-08,1208,38,,4532,156,1052,
"Peru","PER",,2020-05-08,61847,1714,19012,411343,20329,41518,
"Peru","PER","Amazonas",2020-05-09,221,7,,3819,30,191,
"Peru","PER","Ancash",2020-05-09,1472,106,,12655,293,1179,
"Peru","PER","Apurimac",2020-05-09,92,,,4196,10,82,
"Peru","PER","Arequipa",2020-05-09,904,20,,18727,266,638,
"Peru","PER","Ayacucho",2020-05-09,222,,,4146,105,117,
"Peru","PER","Cajamarca",2020-05-09,351,3,,7554,89,262,
"Peru","PER","Callao",2020-05-09,5217,119,,17333,1477,3740,
"Peru","PER","Cusco",2020-05-09,366,3,,8226,89,277,
"Peru","PER","Huancavelica",2020-05-09,185,1,,4162,30,155,
"Peru","PER","Huánuco",2020-05-09,331,7,,5852,18,313,
"Peru","PER","Ica",2020-05-09,930,41,,9507,306,624,
"Peru","PER","Junín",2020-05-09,764,14,,10109,197,567,
"Peru","PER","La Libertad",2020-05-09,1394,66,,14420,293,1101,
"Peru","PER","Lambayeque",2020-05-09,3628,365,,13712,903,2725,
"Peru","PER","Lima",2020-05-09,41844,662,,227197,14608,27236,
"Peru","PER","Loreto",2020-05-09,1735,67,,7039,1346,389,
"Peru","PER","Madre de Dios",2020-05-09,150,1,,5508,24,126,
"Peru","PER","Moquegua",2020-05-09,163,,,5209,7,156,
"Peru","PER","Pasco",2020-05-09,162,1,,3804,24,138,
"Peru","PER","Piura",2020-05-09,2388,240,,14275,315,2073,
"Peru","PER","Puno",2020-05-09,164,1,,7641,9,155,
"Peru","PER","San Martín",2020-05-09,428,2,,8347,143,285,
"Peru","PER","Tacna",2020-05-09,171,2,,6848,21,150,
"Peru","PER","Tumbes",2020-05-09,478,19,,4217,75,403,
"Peru","PER","Ucayali",2020-05-09,1255,67,,4732,156,1099,
"Peru","PER",,2020-05-09,65015,1814,20246,429235,20834,44181,
"Peru","PER","Amazonas",2020-05-10,237,8,,3880,39,198,
"Peru","PER","Ancash",2020-05-10,1507,106,,12857,309,1198,
"Peru","PER","Apurimac",2020-05-10,93,,,4238,10,83,
"Peru","PER","Arequipa",2020-05-10,1046,20,,19294,280,766,
"Peru","PER","Ayacucho",2020-05-10,254,,,4253,105,149,
"Peru","PER","Cajamarca",2020-05-10,362,3,,7687,89,273,
"Peru","PER","Callao",2020-05-10,5360,119,,17507,1565,3795,
"Peru","PER","Cusco",2020-05-10,407,3,,8410,89,318,
"Peru","PER","Huancavelica",2020-05-10,193,1,,4269,30,163,
"Peru","PER","Huánuco",2020-05-10,333,7,,5905,18,315,
"Peru","PER","Ica",2020-05-10,1003,41,,9745,306,697,
"Peru","PER","Junín",2020-05-10,798,14,,10264,201,597,
"Peru","PER","La Libertad",2020-05-10,1449,66,,14731,301,1148,
"Peru","PER","Lambayeque",2020-05-10,3655,376,,14012,903,2752,
"Peru","PER","Lima",2020-05-10,43284,672,,231138,14884,28400,
"Peru","PER","Loreto",2020-05-10,1780,75,,7123,1367,413,
"Peru","PER","Madre de Dios",2020-05-10,162,1,,5539,33,129,
"Peru","PER","Moquegua",2020-05-10,167,,,5285,7,160,
"Peru","PER","Pasco",2020-05-10,167,1,,4098,24,143,
"Peru","PER","Piura",2020-05-10,2425,257,,14674,319,2106,
"Peru","PER","Puno",2020-05-10,166,1,,7907,12,154,
"Peru","PER","San Martín",2020-05-10,466,3,,8627,164,302,
"Peru","PER","Tacna",2020-05-10,178,2,,6999,24,154,
"Peru","PER","Tumbes",2020-05-10,486,47,,4283,75,411,
"Peru","PER","Ucayali",2020-05-10,1329,66,,4898,156,1173,
"Peru","PER",,2020-05-10,67307,1889,21349,437623,21310,45997,
"Peru","PER","Amazonas",2020-05-11,242,8,,3909,39,203,
"Peru","PER","Ancash",2020-05-11,1521,106,,13119,310,1211,
"Peru","PER","Apurimac",2020-05-11,93,,,4265,10,83,
"Peru","PER","Arequipa",2020-05-11,1061,20,,19708,295,766,
"Peru","PER","Ayacucho",2020-05-11,258,,,4326,108,150,
"Peru","PER","Cajamarca",2020-05-11,367,3,,7715,94,273,
"Peru","PER","Callao",2020-05-11,5400,119,,17653,1581,3819,
"Peru","PER","Cusco",2020-05-11,410,3,,8456,91,319,
"Peru","PER","Huancavelica",2020-05-11,200,1,,4292,30,170,
"Peru","PER","Huánuco",2020-05-11,335,7,,5949,18,317,
"Peru","PER","Ica",2020-05-11,1019,58,,10046,313,706,
"Peru","PER","Junín",2020-05-11,839,14,,10309,201,638,
"Peru","PER","La Libertad",2020-05-11,1470,66,,14804,317,1153,
"Peru","PER","Lambayeque",2020-05-11,3748,400,,14112,923,2825,
"Peru","PER","Lima",2020-05-11,44333,689,,234545,15466,28867,
"Peru","PER","Loreto",2020-05-11,1834,78,,7284,1416,418,
"Peru","PER","Madre de Dios",2020-05-11,162,1,,5535,33,129,
"Peru","PER","Moquegua",2020-05-11,167,,,5309,7,160,
"Peru","PER","Pasco",2020-05-11,168,1,,4256,25,143,
"Peru","PER","Piura",2020-05-11,2483,265,,14874,328,2155,
"Peru","PER","Puno",2020-05-11,173,1,,8291,12,161,
"Peru","PER","San Martín",2020-05-11,473,6,,8764,164,309,
"Peru","PER","Tacna",2020-05-11,178,2,,7012,24,154,
"Peru","PER","Tumbes",2020-05-11,496,47,,4363,75,421,
"Peru","PER","Ucayali",2020-05-11,1392,66,,5151,156,1236,
"Peru","PER",,2020-05-11,68822,1961,22406,444047,22036,46786,
"Peru","PER","Amazonas",2020-05-12,249,11,,3989,42,207,
"Peru","PER","Ancash",2020-05-12,1553,106,,13511,319,1234,
"Peru","PER","Apurimac",2020-05-12,95,,,4508,10,85,
"Peru","PER","Arequipa",2020-05-12,1208,20,,20644,303,905,
"Peru","PER","Ayacucho",2020-05-12,270,,,4456,109,161,
"Peru","PER","Cajamarca",2020-05-12,375,3,,8124,97,278,
"Peru","PER","Callao",2020-05-12,5584,119,,18393,1596,3988,
"Peru","PER","Cusco",2020-05-12,442,3,,9155,91,351,
"Peru","PER","Huancavelica",2020-05-12,203,1,,4516,30,173,
"Peru","PER","Huánuco",2020-05-12,341,7,,6055,18,323,
"Peru","PER","Ica",2020-05-12,1132,82,,10815,321,811,
"Peru","PER","Junín",2020-05-12,855,14,,10760,201,654,
"Peru","PER","La Libertad",2020-05-12,1566,66,,15452,332,1234,
"Peru","PER","Lambayeque",2020-05-12,3856,400,,14471,937,2919,
"Peru","PER","Lima",2020-05-12,46507,725,,241795,16020,30487,
"Peru","PER","Loreto",2020-05-12,1933,82,,7556,1472,461,
"Peru","PER","Madre de Dios",2020-05-12,163,1,,5716,34,129,
"Peru","PER","Moquegua",2020-05-12,167,,,5381,7,160,
"Peru","PER","Pasco",2020-05-12,171,1,,4456,25,146,
"Peru","PER","Piura",2020-05-12,2598,294,,15268,340,2258,
"Peru","PER","Puno",2020-05-12,180,1,,8900,12,168,
"Peru","PER","San Martín",2020-05-12,489,6,,9250,164,325,
"Peru","PER","Tacna",2020-05-12,178,2,,7212,24,154,
"Peru","PER","Tumbes",2020-05-12,507,47,,4429,75,432,
"Peru","PER","Ucayali",2020-05-12,1437,66,,5298,156,1281,
"Peru","PER",,2020-05-12,72059,2057,23324,460110,22735,49324,
"Peru","PER","Amazonas",2020-05-13,259,11,,4139,42,217,
"Peru","PER","Ancash",2020-05-13,1620,119,,13911,349,1271,
"Peru","PER","Apurimac",2020-05-13,96,,,4785,10,86,
"Peru","PER","Arequipa",2020-05-13,1301,20,,21506,318,983,
"Peru","PER","Ayacucho",2020-05-13,278,,,4628,117,161,
"Peru","PER","Cajamarca",2020-05-13,393,3,,8464,109,284,
"Peru","PER","Callao",2020-05-13,5851,125,,19264,1666,4185,
"Peru","PER","Cusco",2020-05-13,496,3,,10363,92,404,
"Peru","PER","Huancavelica",2020-05-13,214,1,,4771,30,184,
"Peru","PER","Huánuco",2020-05-13,359,7,,6224,18,341,
"Peru","PER","Ica",2020-05-13,1232,82,,11865,351,881,
"Peru","PER","Junín",2020-05-13,890,14,,11227,201,689,
"Peru","PER","La Libertad",2020-05-13,1623,66,,15747,353,1270,
"Peru","PER","Lambayeque",2020-05-13,3950,417,,14691,938,3012,
"Peru","PER","Lima",2020-05-13,49605,791,,250220,16853,32752,
"Peru","PER","Loreto",2020-05-13,2037,92,,7711,1515,522,
"Peru","PER","Madre de Dios",2020-05-13,172,1,,5791,40,132,
"Peru","PER","Moquegua",2020-05-13,168,,,5484,7,161,
"Peru","PER","Pasco",2020-05-13,173,1,,4566,25,148,
"Peru","PER","Piura",2020-05-13,2693,294,,15633,347,2346,
"Peru","PER","Puno",2020-05-13,185,1,,9097,12,173,
"Peru","PER","San Martín",2020-05-13,505,6,,9513,164,341,
"Peru","PER","Tacna",2020-05-13,181,2,,7373,24,157,
"Peru","PER","Tumbes",2020-05-13,539,47,,4607,75,464,
"Peru","PER","Ucayali",2020-05-13,1486,66,,5416,156,1330,
"Peru","PER",,2020-05-13,76306,2169,24324,476996,23812,52494,
"Peru","PER","Amazonas",2020-05-14,269,11,,4250,42,227,
"Peru","PER","Ancash",2020-05-14,1698,119,,14293,349,1349,
"Peru","PER","Apurimac",2020-05-14,99,,,4919,11,88,
"Peru","PER","Arequipa",2020-05-14,1393,20,,22018,329,1064,
"Peru","PER","Ayacucho",2020-05-14,303,,,4721,122,181,
"Peru","PER","Cajamarca",2020-05-14,406,3,,8115,109,297,
"Peru","PER","Callao",2020-05-14,6199,143,,20453,1767,4432,
"Peru","PER","Cusco",2020-05-14,523,3,,10238,94,429,
"Peru","PER","Huancavelica",2020-05-14,214,1,,5115,30,184,
"Peru","PER","Huánuco",2020-05-14,375,7,,5996,18,357,
"Peru","PER","Ica",2020-05-14,1269,95,,11765,358,911,
"Peru","PER","Junín",2020-05-14,954,14,,10467,212,742,
"Peru","PER","La Libertad",2020-05-14,1711,66,,15211,357,1354,
"Peru","PER","Lambayeque",2020-05-14,4147,417,,13883,963,3184,
"Peru","PER","Lima",2020-05-14,52545,817,,276944,17502,35043,
"Peru","PER","Loreto",2020-05-14,2107,95,,8070,1547,560,
"Peru","PER","Madre de Dios",2020-05-14,177,3,,6701,42,135,
"Peru","PER","Moquegua",2020-05-14,182,,,6155,7,175,
"Peru","PER","Pasco",2020-05-14,179,1,,4947,25,154,
"Peru","PER","Piura",2020-05-14,2830,313,,15864,356,2474,
"Peru","PER","Puno",2020-05-14,189,1,,8747,12,177,
"Peru","PER","San Martín",2020-05-14,549,6,,9659,164,385,
"Peru","PER","Tacna",2020-05-14,187,2,,7656,24,163,
"Peru","PER","Tumbes",2020-05-14,557,59,,4974,75,482,
"Peru","PER","Ucayali",2020-05-14,1542,71,,5527,156,1386,
"Peru","PER",,2020-05-14,80604,2267,25151,506688,24671,55933,
"Peru","PER","Amazonas",2020-05-15,270,11,,4265,44,226,
"Peru","PER","Ancash",2020-05-15,1779,137,,14625,375,1404,
"Peru","PER","Apurimac",2020-05-15,100,,,5014,11,89,
"Peru","PER","Arequipa",2020-05-15,1558,20,,23226,340,1218,
"Peru","PER","Ayacucho",2020-05-15,322,3,,4897,122,200,
"Peru","PER","Cajamarca",2020-05-15,411,3,,8528,115,296,
"Peru","PER","Callao",2020-05-15,6422,156,,21102,1787,4635,
"Peru","PER","Cusco",2020-05-15,603,3,,10803,94,509,
"Peru","PER","Huancavelica",2020-05-15,225,1,,5327,31,194,
"Peru","PER","Huánuco",2020-05-15,413,7,,6170,18,395,
"Peru","PER","Ica",2020-05-15,1346,95,,12136,375,971,
"Peru","PER","Junín",2020-05-15,1013,14,,10943,212,801,
"Peru","PER","La Libertad",2020-05-15,1834,66,,16086,386,1448,
"Peru","PER","Lambayeque",2020-05-15,4362,455,,14298,1035,3327,
"Peru","PER","Lima",2020-05-15,54901,820,,283478,17837,37064,
"Peru","PER","Loreto",2020-05-15,2254,141,,8168,1621,633,
"Peru","PER","Madre de Dios",2020-05-15,187,3,,6687,42,145,
"Peru","PER","Moquegua",2020-05-15,188,,,6410,7,181,
"Peru","PER","Pasco",2020-05-15,185,4,,5012,25,160,
"Peru","PER","Piura",2020-05-15,2970,313,,16154,373,2597,
"Peru","PER","Puno",2020-05-15,192,1,,8834,12,180,
"Peru","PER","San Martín",2020-05-15,563,7,,10110,165,398,
"Peru","PER","Tacna",2020-05-15,197,2,,7726,26,171,
"Peru","PER","Tumbes",2020-05-15,578,59,,5112,75,503,
"Peru","PER","Ucayali",2020-05-15,1622,71,,5777,156,1466,
"Peru","PER",,2020-05-15,84495,2392,27147,520888,25284,59211,
"Peru","PER","Amazonas",2020-05-16,279,12,,4385,44,235,
"Peru","PER","Ancash",2020-05-16,1971,142,,15536,391,1580,
"Peru","PER","Apurimac",2020-05-16,104,,,5111,11,93,
"Peru","PER","Arequipa",2020-05-16,1709,20,,24810,361,1348,
"Peru","PER","Ayacucho",2020-05-16,367,3,,5018,156,211,
"Peru","PER","Cajamarca",2020-05-16,424,3,,8929,128,296,
"Peru","PER","Callao",2020-05-16,6513,155,,22426,1827,4686,
"Peru","PER","Cusco",2020-05-16,609,3,,11295,95,514,
"Peru","PER","Huancavelica",2020-05-16,229,1,,5406,32,197,
"Peru","PER","Huánuco",2020-05-16,470,7,,6411,18,452,
"Peru","PER","Ica",2020-05-16,1412,95,,12701,389,1023,
"Peru","PER","Junín",2020-05-16,1046,14,,11589,216,830,
"Peru","PER","La Libertad",2020-05-16,2015,66,,17289,393,1622,
"Peru","PER","Lambayeque",2020-05-16,4596,455,,14911,1065,3531,
"Peru","PER","Lima",2020-05-16,57473,857,,293638,18469,39004,
"Peru","PER","Loreto",2020-05-16,2444,209,,8485,1730,714,
"Peru","PER","Madre de Dios",2020-05-16,201,3,,6763,43,158,
"Peru","PER","Moquegua",2020-05-16,190,,,6609,7,183,
"Peru","PER","Pasco",2020-05-16,189,4,,5122,25,164,
"Peru","PER","Piura",2020-05-16,3032,313,,16453,390,2642,
"Peru","PER","Puno",2020-05-16,201,1,,9102,12,189,
"Peru","PER","San Martín",2020-05-16,598,8,,10462,172,426,
"Peru","PER","Tacna",2020-05-16,208,2,,7986,26,182,
"Peru","PER","Tumbes",2020-05-16,603,59,,5357,75,528,
"Peru","PER","Ucayali",2020-05-16,1658,91,,6147,159,1499,
"Peru","PER",,2020-05-16,88541,2523,28272,541941,26234,62307,
"Peru","PER","Amazonas",2020-05-17,311,15,,4407,85,226,
"Peru","PER","Ancash",2020-05-17,2095,142,,16166,416,1679,
"Peru","PER","Apurimac",2020-05-17,105,,,5143,11,94,
"Peru","PER","Arequipa",2020-05-17,1839,20,,25891,372,1467,
"Peru","PER","Ayacucho",2020-05-17,403,3,,5101,183,220,
"Peru","PER","Cajamarca",2020-05-17,429,3,,9071,133,296,
"Peru","PER","Callao",2020-05-17,6685,160,,23010,1841,4844,
"Peru","PER","Cusco",2020-05-17,635,3,,11704,95,540,
"Peru","PER","Huancavelica",2020-05-17,234,1,,5560,32,202,
"Peru","PER","Huánuco",2020-05-17,495,7,,6605,21,474,
"Peru","PER","Ica",2020-05-17,1477,95,,13079,393,1084,
"Peru","PER","Junín",2020-05-17,1098,14,,12082,223,875,
"Peru","PER","La Libertad",2020-05-17,2122,66,,18538,406,1716,
"Peru","PER","Lambayeque",2020-05-17,4856,474,,15477,1065,3791,
"Peru","PER","Lima",2020-05-17,59712,915,,301970,18938,40774,
"Peru","PER","Loreto",2020-05-17,2696,248,,8645,1814,882,
"Peru","PER","Madre de Dios",2020-05-17,206,3,,6961,43,163,
"Peru","PER","Moquegua",2020-05-17,193,,,6753,7,186,
"Peru","PER","Pasco",2020-05-17,196,4,,5260,25,171,
"Peru","PER","Piura",2020-05-17,3062,313,,16702,390,2672,
"Peru","PER","Puno",2020-05-17,220,1,,9285,12,208,
"Peru","PER","San Martín",2020-05-17,645,9,,10651,190,455,
"Peru","PER","Tacna",2020-05-17,215,2,,8275,26,189,
"Peru","PER","Tumbes",2020-05-17,635,59,,5594,75,560,
"Peru","PER","Ucayali",2020-05-17,1709,91,,6410,167,1542,
"Peru","PER",,2020-05-17,92273,2648,28621,558340,26963,65310,
"Peru","PER","Amazonas",2020-05-18,317,17,,4404,88,229,
"Peru","PER","Ancash",2020-05-18,2153,158,,16628,433,1720,
"Peru","PER","Apurimac",2020-05-18,105,,,5159,11,94,
"Peru","PER","Arequipa",2020-05-18,1929,23,,26426,372,1557,
"Peru","PER","Ayacucho",2020-05-18,406,3,,5182,183,223,
"Peru","PER","Cajamarca",2020-05-18,435,3,,9089,133,302,
"Peru","PER","Callao",2020-05-18,6782,160,,23379,1894,4888,
"Peru","PER","Cusco",2020-05-18,626,3,,11773,95,531,
"Peru","PER","Huancavelica",2020-05-18,242,1,,5613,32,210,
"Peru","PER","Huánuco",2020-05-18,504,7,,6682,21,483,
"Peru","PER","Ica",2020-05-18,1540,102,,13284,410,1130,
"Peru","PER","Junín",2020-05-18,1149,14,,12267,224,925,
"Peru","PER","La Libertad",2020-05-18,2324,66,,19049,436,1888,
"Peru","PER","Lambayeque",2020-05-18,4961,485,,16332,1065,3896,
"Peru","PER","Lima",2020-05-18,61197,955,,305643,19463,41734,
"Peru","PER","Loreto",2020-05-18,2811,250,,8835,1870,941,
"Peru","PER","Madre de Dios",2020-05-18,204,3,,7041,43,161,
"Peru","PER","Moquegua",2020-05-18,193,,,6784,7,186,
"Peru","PER","Pasco",2020-05-18,211,4,,5385,25,186,
"Peru","PER","Piura",2020-05-18,3091,370,,16822,406,2685,
"Peru","PER","Puno",2020-05-18,214,1,,9407,12,202,
"Peru","PER","San Martín",2020-05-18,652,12,,10796,195,457,
"Peru","PER","Tacna",2020-05-18,216,2,,8362,26,190,
"Peru","PER","Tumbes",2020-05-18,639,59,,5608,75,564,
"Peru","PER","Ucayali",2020-05-18,2032,91,,6249,417,1615,
"Peru","PER",,2020-05-18,94933,2789,30306,566199,27936,66997,
"Peru","PER","Amazonas",2020-05-19,325,17,,4468,88,237,
"Peru","PER","Ancash",2020-05-19,2226,175,,17415,454,1772,
"Peru","PER","Apurimac",2020-05-19,108,,,5247,11,97,
"Peru","PER","Arequipa",2020-05-19,1967,25,,28222,385,1582,
"Peru","PER","Ayacucho",2020-05-19,426,3,,5401,189,237,
"Peru","PER","Cajamarca",2020-05-19,446,3,,9354,142,304,
"Peru","PER","Callao",2020-05-19,7011,171,,24105,1904,5107,
"Peru","PER","Cusco",2020-05-19,635,3,,12031,96,539,
"Peru","PER","Huancavelica",2020-05-19,245,1,,5707,35,210,
"Peru","PER","Huánuco",2020-05-19,520,7,,6847,24,496,
"Peru","PER","Ica",2020-05-19,1669,102,,14067,433,1236,
"Peru","PER","Junín",2020-05-19,1166,14,,13394,239,927,
"Peru","PER","La Libertad",2020-05-19,2378,93,,20024,466,1912,
"Peru","PER","Lambayeque",2020-05-19,5182,485,,16873,1129,4053,
"Peru","PER","Lima",2020-05-19,64278,1012,,309905,19963,44315,
"Peru","PER","Loreto",2020-05-19,2960,259,,8712,1931,1029,
"Peru","PER","Madre de Dios",2020-05-19,247,3,,7286,56,191,
"Peru","PER","Moquegua",2020-05-19,199,,,6970,7,192,
"Peru","PER","Pasco",2020-05-19,229,4,,5501,27,202,
"Peru","PER","Piura",2020-05-19,3192,370,,17004,417,2775,
"Peru","PER","Puno",2020-05-19,208,1,,9730,13,195,
"Peru","PER","San Martín",2020-05-19,739,12,,10807,205,534,
"Peru","PER","Tacna",2020-05-19,228,4,,8540,32,196,
"Peru","PER","Tumbes",2020-05-19,675,59,,5873,75,600,
"Peru","PER","Ucayali",2020-05-19,2224,91,,6616,447,1777,
"Peru","PER",,2020-05-19,99483,2914,36524,580099,28768,70715,
"Peru","PER","Amazonas",2020-05-20,349,17,,4610,92,257,
"Peru","PER","Ancash",2020-05-20,2354,175,,17938,513,1841,
"Peru","PER","Apurimac",2020-05-20,113,,,5376,11,102,
"Peru","PER","Arequipa",2020-05-20,2072,25,,29906,412,1660,
"Peru","PER","Ayacucho",2020-05-20,440,3,,5507,197,243,
"Peru","PER","Cajamarca",2020-05-20,451,3,,9693,143,308,
"Peru","PER","Callao",2020-05-20,7381,178,,25173,1999,5382,
"Peru","PER","Cusco",2020-05-20,654,3,,12932,96,558,
"Peru","PER","Huancavelica",2020-05-20,260,1,,6007,35,225,
"Peru","PER","Huánuco",2020-05-20,539,7,,7060,28,511,
"Peru","PER","Ica",2020-05-20,1769,124,,14536,451,1318,
"Peru","PER","Junín",2020-05-20,1223,14,,14274,250,973,
"Peru","PER","La Libertad",2020-05-20,2447,93,,21224,496,1951,
"Peru","PER","Lambayeque",2020-05-20,5409,498,,17311,1164,4245,
"Peru","PER","Lima",2020-05-20,67060,1060,,328179,20499,46561,
"Peru","PER","Loreto",2020-05-20,3085,260,,9339,1967,1118,
"Peru","PER","Madre de Dios",2020-05-20,259,3,,7446,62,197,
"Peru","PER","Moquegua",2020-05-20,235,,,7643,7,228,
"Peru","PER","Pasco",2020-05-20,231,5,,5794,35,196,
"Peru","PER","Piura",2020-05-20,3335,384,,17565,433,2902,
"Peru","PER","Puno",2020-05-20,217,1,,10130,13,204,
"Peru","PER","San Martín",2020-05-20,822,13,,11572,235,587,
"Peru","PER","Tacna",2020-05-20,242,4,,9202,30,212,
"Peru","PER","Tumbes",2020-05-20,702,62,,6061,75,627,
"Peru","PER","Ucayali",2020-05-20,2371,91,,6925,447,1924,
"Peru","PER",,2020-05-20,104020,3024,41968,611403,29690,74330,
"Peru","PER","Amazonas",2020-05-21,371,17,,4681,94,277,
"Peru","PER","Ancash",2020-05-21,2466,194,,18773,515,1951,
"Peru","PER","Apurimac",2020-05-21,112,,,5553,11,101,
"Peru","PER","Arequipa",2020-05-21,2176,25,,31801,430,1746,
"Peru","PER","Ayacucho",2020-05-21,455,3,,5677,202,253,
"Peru","PER","Cajamarca",2020-05-21,483,3,,10209,155,328,
"Peru","PER","Callao",2020-05-21,7685,192,,25802,2033,5652,
"Peru","PER","Cusco",2020-05-21,724,3,,13731,97,627,
"Peru","PER","Huancavelica",2020-05-21,277,1,,6208,35,242,
"Peru","PER","Huánuco",2020-05-21,566,7,,7347,31,535,
"Peru","PER","Ica",2020-05-21,1905,124,,15560,475,1430,
"Peru","PER","Junín",2020-05-21,1289,14,,15015,250,1039,
"Peru","PER","La Libertad",2020-05-21,2542,93,,22571,536,2006,
"Peru","PER","Lambayeque",2020-05-21,5581,516,,17838,1189,4392,
"Peru","PER","Lima",2020-05-21,70155,1114,,332690,20922,49233,
"Peru","PER","Loreto",2020-05-21,3166,262,,9098,2022,1144,
"Peru","PER","Madre de Dios",2020-05-21,265,6,,7424,62,203,
"Peru","PER","Moquegua",2020-05-21,270,,,8782,7,263,
"Peru","PER","Pasco",2020-05-21,249,5,,6035,35,214,
"Peru","PER","Piura",2020-05-21,3496,385,,17840,439,3057,
"Peru","PER","Puno",2020-05-21,225,1,,10487,15,210,
"Peru","PER","San Martín",2020-05-21,857,13,,11811,242,615,
"Peru","PER","Tacna",2020-05-21,254,4,,9604,30,224,
"Peru","PER","Tumbes",2020-05-21,722,62,,6254,75,647,
"Peru","PER","Ucayali",2020-05-21,2478,104,,6940,449,2029,
"Peru","PER",,2020-05-21,108769,3148,43587,627731,30351,78418,
"Peru","PER","Amazonas",2020-05-22,399,18,,4743,96,303,
"Peru","PER","Ancash",2020-05-22,2557,196,,18962,515,2042,
"Peru","PER","Apurimac",2020-05-22,119,,,5597,11,108,
"Peru","PER","Arequipa",2020-05-22,2297,25,,32585,445,1852,
"Peru","PER","Ayacucho",2020-05-22,479,3,,5724,212,267,
"Peru","PER","Cajamarca",2020-05-22,495,3,,10413,158,337,
"Peru","PER","Callao",2020-05-22,7846,192,,26286,2083,5763,
"Peru","PER","Cusco",2020-05-22,766,3,,14034,102,664,
"Peru","PER","Huancavelica",2020-05-22,289,1,,6320,37,252,
"Peru","PER","Huánuco",2020-05-22,607,7,,7378,28,579,
"Peru","PER","Ica",2020-05-22,1941,137,,15879,488,1453,
"Peru","PER","Junín",2020-05-22,1336,14,,15093,252,1084,
"Peru","PER","La Libertad",2020-05-22,2682,93,,23081,573,2109,
"Peru","PER","Lambayeque",2020-05-22,5690,516,,18083,1224,4466,
"Peru","PER","Lima",2020-05-22,71719,1164,,338913,21200,50519,
"Peru","PER","Loreto",2020-05-22,3201,264,,9217,2035,1166,
"Peru","PER","Madre de Dios",2020-05-22,270,6,,7475,62,208,
"Peru","PER","Moquegua",2020-05-22,315,,,9085,7,308,
"Peru","PER","Pasco",2020-05-22,276,6,,6133,36,240,
"Peru","PER","Piura",2020-05-22,3621,409,,18124,447,3174,
"Peru","PER","Puno",2020-05-22,232,1,,10539,15,217,
"Peru","PER","San Martín",2020-05-22,903,13,,12172,243,660,
"Peru","PER","Tacna",2020-05-22,279,4,,9799,30,249,
"Peru","PER","Tumbes",2020-05-22,727,65,,6267,75,652,
"Peru","PER","Ucayali",2020-05-22,2652,104,,6926,449,2203,
"Peru","PER",,2020-05-22,111698,3244,44848,638828,30823,80875,
"Peru","PER","Amazonas",2020-05-23,437,18,,4920,113,324,
"Peru","PER","Ancash",2020-05-23,2722,208,,20026,544,2178,
"Peru","PER","Apurimac",2020-05-23,122,,,6023,12,110,
"Peru","PER","Arequipa",2020-05-23,2373,25,,34917,505,1868,
"Peru","PER","Ayacucho",2020-05-23,498,3,,6029,230,268,
"Peru","PER","Cajamarca",2020-05-23,520,3,,11079,158,362,
"Peru","PER","Callao",2020-05-23,8125,192,,27498,2096,6029,
"Peru","PER","Cusco",2020-05-23,793,3,,14865,102,691,
"Peru","PER","Huancavelica",2020-05-23,306,1,,6591,50,256,
"Peru","PER","Huánuco",2020-05-23,629,7,,7742,47,582,
"Peru","PER","Ica",2020-05-23,1863,151,,17021,503,1360,
"Peru","PER","Junín",2020-05-23,1375,14,,15785,268,1107,
"Peru","PER","La Libertad",2020-05-23,2793,93,,24148,573,2220,
"Peru","PER","Lambayeque",2020-05-23,5836,542,,19209,1224,4612,
"Peru","PER","Lima",2020-05-23,74037,1208,,354595,21396,52641,
"Peru","PER","Loreto",2020-05-23,3293,273,,9411,2046,1247,
"Peru","PER","Madre de Dios",2020-05-23,304,6,,7646,71,233,
"Peru","PER","Moquegua",2020-05-23,345,,,10966,7,338,
"Peru","PER","Pasco",2020-05-23,288,8,,6467,37,251,
"Peru","PER","Piura",2020-05-23,3812,426,,19123,447,3365,
"Peru","PER","Puno",2020-05-23,247,6,,11229,15,232,
"Peru","PER","San Martín",2020-05-23,938,13,,12646,245,693,
"Peru","PER","Tacna",2020-05-23,291,4,,10312,41,250,
"Peru","PER","Tumbes",2020-05-23,1032,65,,6839,163,869,
"Peru","PER","Ucayali",2020-05-23,2775,104,,7500,454,2321,
"Peru","PER",,2020-05-23,115754,3373,47915,672587,31347,84407,
"Peru","PER","Amazonas",2020-05-24,451,18,,5150,114,337,
"Peru","PER","Ancash",2020-05-24,2832,209,,20801,566,2266,
"Peru","PER","Apurimac",2020-05-24,141,,,6289,11,130,
"Peru","PER","Arequipa",2020-05-24,2501,25,,38467,469,2032,
"Peru","PER","Ayacucho",2020-05-24,537,3,,6425,246,291,
"Peru","PER","Cajamarca",2020-05-24,557,3,,11836,163,394,
"Peru","PER","Callao",2020-05-24,8558,194,,28602,2126,6432,
"Peru","PER","Cusco",2020-05-24,856,3,,15708,105,751,
"Peru","PER","Huancavelica",2020-05-24,345,1,,6815,41,304,
"Peru","PER","Huánuco",2020-05-24,676,7,,8072,32,644,
"Peru","PER","Ica",2020-05-24,2153,169,,17334,521,1632,
"Peru","PER","Junín",2020-05-24,1438,14,,16577,260,1178,
"Peru","PER","La Libertad",2020-05-24,3023,93,,25883,624,2399,
"Peru","PER","Lambayeque",2020-05-24,6075,566,,20614,1227,4848,
"Peru","PER","Lima",2020-05-24,75716,1235,,364428,22092,53624,
"Peru","PER","Loreto",2020-05-24,3391,276,,9996,2051,1340,
"Peru","PER","Madre de Dios",2020-05-24,325,6,,7898,71,254,
"Peru","PER","Moquegua",2020-05-24,352,1,,12279,7,345,
"Peru","PER","Pasco",2020-05-24,335,8,,6907,37,298,
"Peru","PER","Piura",2020-05-24,4219,429,,19762,451,3768,
"Peru","PER","Puno",2020-05-24,257,6,,12159,15,242,
"Peru","PER","San Martín",2020-05-24,957,14,,13349,245,712,
"Peru","PER","Tacna",2020-05-24,291,4,,10730,41,250,
"Peru","PER","Tumbes",2020-05-24,1032,68,,7184,163,869,
"Peru","PER","Ucayali",2020-05-24,2941,104,,7743,449,2492,
"Peru","PER",,2020-05-24,119959,3456,49795,701008,32127,87832,
"Peru","PER","Amazonas",2020-05-25,460,20,,5269,115,345,
"Peru","PER","Ancash",2020-05-25,2842,209,,21458,576,2266,
"Peru","PER","Apurimac",2020-05-25,140,,,6464,11,129,
"Peru","PER","Arequipa",2020-05-25,2633,25,,39884,491,2142,
"Peru","PER","Ayacucho",2020-05-25,571,6,,6619,256,315,
"Peru","PER","Cajamarca",2020-05-25,591,3,,12272,169,422,
"Peru","PER","Callao",2020-05-25,8726,248,,29290,2212,6514,
"Peru","PER","Cusco",2020-05-25,854,3,,15971,106,748,
"Peru","PER","Huancavelica",2020-05-25,360,1,,6898,41,319,
"Peru","PER","Huánuco",2020-05-25,692,7,,8268,35,657,
"Peru","PER","Ica",2020-05-25,2119,199,,17653,533,1586,
"Peru","PER","Junín",2020-05-25,1470,14,,17038,260,1210,
"Peru","PER","La Libertad",2020-05-25,3178,93,,26487,673,2505,
"Peru","PER","Lambayeque",2020-05-25,6217,565,,20862,1308,4909,
"Peru","PER","Lima",2020-05-25,77486,1313,,372194,22701,54785,
"Peru","PER","Loreto",2020-05-25,3524,280,,10260,2166,1358,
"Peru","PER","Madre de Dios",2020-05-25,314,6,,7993,71,243,
"Peru","PER","Moquegua",2020-05-25,357,1,,12965,7,350,
"Peru","PER","Pasco",2020-05-25,387,8,,7128,37,350,
"Peru","PER","Piura",2020-05-25,5457,429,,19298,455,5002,
"Peru","PER","Puno",2020-05-25,263,6,,12536,15,248,
"Peru","PER","San Martín",2020-05-25,980,16,,13665,245,735,
"Peru","PER","Tacna",2020-05-25,325,4,,11223,41,284,
"Peru","PER","Tumbes",2020-05-25,1074,69,,7322,163,911,
"Peru","PER","Ucayali",2020-05-25,2959,104,,7926,449,2510,
"Peru","PER",,2020-05-25,123979,3629,50949,716943,33136,90843,
"Peru","PER","Amazonas",2020-05-26,511,20,,5484,115,396,
"Peru","PER","Ancash",2020-05-26,3249,223,,21888,580,2669,
"Peru","PER","Apurimac",2020-05-26,146,,,6693,11,135,
"Peru","PER","Arequipa",2020-05-26,2694,28,,42992,527,2167,
"Peru","PER","Ayacucho",2020-05-26,605,6,,6954,261,344,
"Peru","PER","Cajamarca",2020-05-26,625,3,,12991,176,449,
"Peru","PER","Callao",2020-05-26,9122,248,,30780,2247,6875,
"Peru","PER","Cusco",2020-05-26,896,3,,16690,113,783,
"Peru","PER","Huancavelica",2020-05-26,360,1,,7133,42,318,
"Peru","PER","Huánuco",2020-05-26,716,7,,8559,35,681,
"Peru","PER","Ica",2020-05-26,2363,199,,18214,567,1796,
"Peru","PER","Junín",2020-05-26,1521,14,,17692,275,1246,
"Peru","PER","La Libertad",2020-05-26,3309,163,,27667,685,2624,
"Peru","PER","Lambayeque",2020-05-26,6453,571,,21463,1335,5118,
"Peru","PER","Lima",2020-05-26,80882,1359,,386040,23131,57751,
"Peru","PER","Loreto",2020-05-26,3720,288,,10660,2197,1523,
"Peru","PER","Madre de Dios",2020-05-26,339,6,,8179,71,268,
"Peru","PER","Moquegua",2020-05-26,402,1,,13551,7,395,
"Peru","PER","Pasco",2020-05-26,408,8,,7393,37,371,
"Peru","PER","Piura",2020-05-26,5457,441,,20367,457,5000,
"Peru","PER","Puno",2020-05-26,300,6,,13201,15,285,
"Peru","PER","San Martín",2020-05-26,1003,16,,14200,245,758,
"Peru","PER","Tacna",2020-05-26,341,4,,11648,41,300,
"Peru","PER","Tumbes",2020-05-26,1091,69,,7424,163,928,
"Peru","PER","Ucayali",2020-05-26,3238,104,,8107,449,2789,
"Peru","PER",,2020-05-26,129751,3788,52906,745970,33782,95969,
"Peru","PER","Amazonas",2020-05-27,533,20,,5834,114,419,
"Peru","PER","Ancash",2020-05-27,3196,237,,22951,594,2602,
"Peru","PER","Apurimac",2020-05-27,151,,,6940,11,140,
"Peru","PER","Arequipa",2020-05-27,2787,28,,44696,539,2248,
"Peru","PER","Ayacucho",2020-05-27,622,6,,7158,264,358,
"Peru","PER","Cajamarca",2020-05-27,645,3,,13697,182,463,
"Peru","PER","Callao",2020-05-27,9495,281,,31645,2291,7204,
"Peru","PER","Cusco",2020-05-27,899,3,,17456,116,783,
"Peru","PER","Huancavelica",2020-05-27,379,1,,7344,42,337,
"Peru","PER","Huánuco",2020-05-27,741,7,,8927,35,706,
"Peru","PER","Ica",2020-05-27,2476,219,,18973,581,1895,
"Peru","PER","Junín",2020-05-27,1578,14,,18325,277,1301,
"Peru","PER","La Libertad",2020-05-27,3523,169,,29200,721,2802,
"Peru","PER","Lambayeque",2020-05-27,6732,602,,22555,1338,5394,
"Peru","PER","Lima",2020-05-27,84994,1407,,394092,23761,61233,
"Peru","PER","Loreto",2020-05-27,3816,288,,11186,2210,1606,
"Peru","PER","Madre de Dios",2020-05-27,388,6,,8489,71,317,
"Peru","PER","Moquegua",2020-05-27,423,2,,14145,7,416,
"Peru","PER","Pasco",2020-05-27,416,8,,7702,37,379,
"Peru","PER","Piura",2020-05-27,6039,481,,21357,465,5574,
"Peru","PER","Puno",2020-05-27,322,6,,13747,15,307,
"Peru","PER","San Martín",2020-05-27,1037,18,,14756,245,792,
"Peru","PER","Tacna",2020-05-27,360,4,,12138,53,307,
"Peru","PER","Tumbes",2020-05-27,1115,69,,7556,163,952,
"Peru","PER","Ucayali",2020-05-27,3238,104,,8504,449,2789,
"Peru","PER",,2020-05-27,135905,3983,56169,769373,34581,101324,
"Peru","PER","Amazonas",2020-05-28,546,21,,6018,118,428,
"Peru","PER","Ancash",2020-05-28,3455,241,,23162,630,2825,
"Peru","PER","Apurimac",2020-05-28,152,,,7002,11,141,
"Peru","PER","Arequipa",2020-05-28,2921,31,,48420,588,2333,
"Peru","PER","Ayacucho",2020-05-28,639,6,,7172,269,370,
"Peru","PER","Cajamarca",2020-05-28,669,3,,14318,188,481,
"Peru","PER","Callao",2020-05-28,9953,289,,32529,2347,7606,
"Peru","PER","Cusco",2020-05-28,916,3,,17813,118,798,
"Peru","PER","Huancavelica",2020-05-28,383,1,,7340,42,341,
"Peru","PER","Huánuco",2020-05-28,780,9,,8987,39,741,
"Peru","PER","Ica",2020-05-28,2662,222,,19520,617,2045,
"Peru","PER","Junín",2020-05-28,1675,16,,18352,301,1374,
"Peru","PER","La Libertad",2020-05-28,3818,174,,30871,745,3073,
"Peru","PER","Lambayeque",2020-05-28,7020,605,,22782,1374,5646,
"Peru","PER","Lima",2020-05-28,87478,1473,,401723,24418,63060,
"Peru","PER","Loreto",2020-05-28,3959,289,,11445,2227,1732,
"Peru","PER","Madre de Dios",2020-05-28,402,6,,8550,71,331,
"Peru","PER","Moquegua",2020-05-28,447,2,,14875,7,440,
"Peru","PER","Pasco",2020-05-28,426,8,,7792,37,389,
"Peru","PER","Piura",2020-05-28,6942,497,,20691,465,6477,
"Peru","PER","Puno",2020-05-28,322,6,,14301,17,305,
"Peru","PER","San Martín",2020-05-28,1093,19,,14700,245,848,
"Peru","PER","Tacna",2020-05-28,372,4,,12764,53,319,
"Peru","PER","Tumbes",2020-05-28,1219,69,,7452,163,1056,
"Peru","PER","Ucayali",2020-05-28,3530,105,,8439,542,2988,
"Peru","PER",,2020-05-28,141779,4099,59442,787018,35632,106147,
"Peru","PER","Amazonas",2020-05-29,563,21,,6162,118,445,
"Peru","PER","Ancash",2020-05-29,3384,252,,23763,658,2726,
"Peru","PER","Apurimac",2020-05-29,162,1,,7272,11,151,
"Peru","PER","Arequipa",2020-05-29,3146,33,,52333,613,2533,
"Peru","PER","Ayacucho",2020-05-29,679,6,,7285,273,406,
"Peru","PER","Cajamarca",2020-05-29,700,4,,15051,196,504,
"Peru","PER","Callao",2020-05-29,10781,298,,32879,2473,8308,
"Peru","PER","Cusco",2020-05-29,916,3,,18613,118,798,
"Peru","PER","Huancavelica",2020-05-29,407,1,,7387,42,365,
"Peru","PER","Huánuco",2020-05-29,811,10,,9577,41,770,
"Peru","PER","Ica",2020-05-29,2691,228,,20678,624,2067,
"Peru","PER","Junín",2020-05-29,1755,17,,19635,304,1451,
"Peru","PER","La Libertad",2020-05-29,3816,179,,32171,746,3070,
"Peru","PER","Lambayeque",2020-05-29,7060,608,,22678,1414,5646,
"Peru","PER","Lima",2020-05-29,92057,1547,,413653,25134,66923,
"Peru","PER","Loreto",2020-05-29,4109,293,,11885,2227,1882,
"Peru","PER","Madre de Dios",2020-05-29,450,6,,8668,93,357,
"Peru","PER","Moquegua",2020-05-29,462,2,,16244,7,455,
"Peru","PER","Pasco",2020-05-29,448,8,,8062,37,411,
"Peru","PER","Piura",2020-05-29,7180,507,,22157,471,6709,
"Peru","PER","Puno",2020-05-29,321,7,,14717,17,304,
"Peru","PER","San Martín",2020-05-29,1151,19,,15240,275,876,
"Peru","PER","Tacna",2020-05-29,372,4,,13646,55,317,
"Peru","PER","Tumbes",2020-05-29,1219,70,,7169,163,1056,
"Peru","PER","Ucayali",2020-05-29,3645,106,,8407,590,3055,
"Peru","PER",,2020-05-29,148285,4230,62791,815332,36700,111585,
"Peru","PER","Amazonas",2020-05-30,582,21,,6490,121,461,
"Peru","PER","Ancash",2020-05-30,3515,262,,25825,666,2849,
"Peru","PER","Apurimac",2020-05-30,171,3,,7277,11,160,
"Peru","PER","Arequipa",2020-05-30,3335,39,,56524,646,2689,
"Peru","PER","Ayacucho",2020-05-30,712,7,,7538,276,436,
"Peru","PER","Cajamarca",2020-05-30,720,5,,15722,198,522,
"Peru","PER","Callao",2020-05-30,12105,312,,34824,2509,9596,
"Peru","PER","Cusco",2020-05-30,1015,3,,19230,122,893,
"Peru","PER","Huancavelica",2020-05-30,430,1,,7636,47,383,
"Peru","PER","Huánuco",2020-05-30,848,10,,9854,44,804,
"Peru","PER","Ica",2020-05-30,2789,239,,22284,678,2111,
"Peru","PER","Junín",2020-05-30,1816,19,,20413,312,1504,
"Peru","PER","La Libertad",2020-05-30,3998,184,,34104,850,3148,
"Peru","PER","Lambayeque",2020-05-30,7020,611,,25113,1427,5593,
"Peru","PER","Lima",2020-05-30,96583,1625,,432916,25753,70830,
"Peru","PER","Loreto",2020-05-30,4635,295,,12000,2252,2383,
"Peru","PER","Madre de Dios",2020-05-30,485,6,,8270,109,376,
"Peru","PER","Moquegua",2020-05-30,477,2,,17231,7,470,
"Peru","PER","Pasco",2020-05-30,458,9,,8398,37,421,
"Peru","PER","Piura",2020-05-30,7180,510,,23319,483,6697,
"Peru","PER","Puno",2020-05-30,333,7,,15073,17,316,
"Peru","PER","San Martín",2020-05-30,1225,19,,15944,275,950,
"Peru","PER","Tacna",2020-05-30,375,4,,14472,53,322,
"Peru","PER","Tumbes",2020-05-30,1219,71,,7250,163,1056,
"Peru","PER","Ucayali",2020-05-30,3645,107,,9330,594,3051,
"Peru","PER",,2020-05-30,155671,4371,66447,857037,37650,118021,
"Peru","PER","Amazonas",2020-05-31,605,21,,6859,133,472,
"Peru","PER","Ancash",2020-05-31,4220,267,,26660,683,3537,
"Peru","PER","Apurimac",2020-05-31,194,3,,7536,11,183,
"Peru","PER","Arequipa",2020-05-31,3332,44,,59859,646,2686,
"Peru","PER","Ayacucho",2020-05-31,748,7,,7921,279,469,
"Peru","PER","Cajamarca",2020-05-31,747,5,,16355,202,545,
"Peru","PER","Callao",2020-05-31,12167,321,,37037,2543,9624,
"Peru","PER","Cusco",2020-05-31,1062,3,,19983,122,940,
"Peru","PER","Huancavelica",2020-05-31,436,1,,7905,50,386,
"Peru","PER","Huánuco",2020-05-31,885,12,,10284,46,839,
"Peru","PER","Ica",2020-05-31,3334,244,,22996,708,2626,
"Peru","PER","Junín",2020-05-31,1848,19,,21732,328,1520,
"Peru","PER","La Libertad",2020-05-31,4660,191,,35462,880,3780,
"Peru","PER","Lambayeque",2020-05-31,8484,612,,25538,1446,7038,
"Peru","PER","Lima",2020-05-31,100526,1709,,450643,26434,74092,
"Peru","PER","Loreto",2020-05-31,4715,296,,12577,2290,2425,
"Peru","PER","Madre de Dios",2020-05-31,493,6,,8631,109,384,
"Peru","PER","Moquegua",2020-05-31,515,2,,18245,7,508,
"Peru","PER","Pasco",2020-05-31,463,9,,8687,38,425,
"Peru","PER","Piura",2020-05-31,7504,519,,24497,597,6907,
"Peru","PER","Puno",2020-05-31,392,7,,15969,17,375,
"Peru","PER","San Martín",2020-05-31,1296,21,,16691,294,1002,
"Peru","PER","Tacna",2020-05-31,448,5,,15349,53,395,
"Peru","PER","Tumbes",2020-05-31,1348,75,,7408,163,1185,
"Peru","PER","Ucayali",2020-05-31,4054,107,,9574,594,3460,
"Peru","PER",,2020-05-31,164476,4506,67208,894398,38673,125803,
"Peru","PER","Amazonas",2020-06-01,608,21,,6950,133,475,
"Peru","PER","Ancash",2020-06-01,4444,270,,26896,697,3747,
"Peru","PER","Apurimac",2020-06-01,189,3,,7786,11,178,
"Peru","PER","Arequipa",2020-06-01,3633,49,,60213,646,2987,
"Peru","PER","Ayacucho",2020-06-01,762,7,,8066,279,483,
"Peru","PER","Cajamarca",2020-06-01,786,6,,16509,202,584,
"Peru","PER","Callao",2020-06-01,12495,329,,37610,2616,9879,
"Peru","PER","Cusco",2020-06-01,1103,3,,20358,122,981,
"Peru","PER","Huancavelica",2020-06-01,449,1,,8211,50,399,
"Peru","PER","Huánuco",2020-06-01,979,13,,10493,44,935,
"Peru","PER","Ica",2020-06-01,3450,252,,23234,725,2725,
"Peru","PER","Junín",2020-06-01,1896,19,,22149,332,1564,
"Peru","PER","La Libertad",2020-06-01,4898,199,,35916,934,3964,
"Peru","PER","Lambayeque",2020-06-01,8811,616,,25928,1446,7365,
"Peru","PER","Lima",2020-06-01,103020,1786,,456720,27016,76004,
"Peru","PER","Loreto",2020-06-01,5133,297,,12559,2560,2573,
"Peru","PER","Madre de Dios",2020-06-01,519,6,,8996,109,410,
"Peru","PER","Moquegua",2020-06-01,509,2,,18425,7,502,
"Peru","PER","Pasco",2020-06-01,473,9,,8809,37,436,
"Peru","PER","Piura",2020-06-01,8143,527,,24585,605,7538,
"Peru","PER","Puno",2020-06-01,386,7,,16412,17,369,
"Peru","PER","San Martín",2020-06-01,1335,24,,17002,313,1022,
"Peru","PER","Tacna",2020-06-01,398,5,,15545,58,340,
"Peru","PER","Tumbes",2020-06-01,1352,76,,7535,163,1189,
"Peru","PER","Ucayali",2020-06-01,4268,107,,9713,594,3674,
"Peru","PER",,2020-06-01,170039,4634,68507,906620,39716,130323,
"Peru","PER","Amazonas",2020-06-02,637,,,,,,
"Peru","PER","Ancash",2020-06-02,4668,,,,,,
"Peru","PER","Apurimac",2020-06-02,198,,,,,,
"Peru","PER","Arequipa",2020-06-02,3727,,,,,,
"Peru","PER","Ayacucho",2020-06-02,790,,,,,,
"Peru","PER","Cajamarca",2020-06-02,830,,,,,,
"Peru","PER","Callao",2020-06-02,12911,,,,,,
"Peru","PER","Cusco",2020-06-02,1125,,,,,,
"Peru","PER","Huancavelica",2020-06-02,455,,,,,,
"Peru","PER","Huánuco",2020-06-02,987,,,,,,
"Peru","PER","Ica",2020-06-02,3536,,,,,,
"Peru","PER","Junín",2020-06-02,1951,,,,,,
"Peru","PER","La Libertad",2020-06-02,5114,,,,,,
"Peru","PER","Lambayeque",2020-06-02,9138,,,,,,
"Peru","PER","Lima",2020-06-02,105797,,,,,,
"Peru","PER","Loreto",2020-06-02,5355,,,,,,
"Peru","PER","Madre de Dios",2020-06-02,561,,,,,,
"Peru","PER","Moquegua",2020-06-02,508,,,,,,
"Peru","PER","Pasco",2020-06-02,476,,,,,,
"Peru","PER","Piura",2020-06-02,8148,,,,,,
"Peru","PER","Puno",2020-06-02,399,,,,,,
"Peru","PER","San Martín",2020-06-02,1433,,,,,,
"Peru","PER","Tacna",2020-06-02,447,,,,,,
"Peru","PER","Tumbes",2020-06-02,1226,,,,,,
"Peru","PER","Ucayali",2020-06-02,4467,,,,,,
"Peru","PER",,2020-06-02,174884,4767,69257,,,,
